no_peserta,nama_lengkap,unit_kerja,seleksi_administrasi,nilai_CAT,nilai_SKB,hasil_seleksi,username,password
20262303,Keisha Suartini,Direktorat Jenderal JKL,Terpenuhi,90,59,Tidak Lulus,keisha.suartini36,2GHmjW
20261432,Kamidin Maryadi,Direktorat Jenderal DEF,Terpenuhi,96,84,Lulus,kamidin.maryadi52,1OArTt
20261375,Bakijan Hutagalung,Direktorat Jenderal JKL,Terpenuhi,91,100,Lulus,bakijan.hutagalung45,0C7IRJ
20261409,Asirwada Setiawan,Sekretariat Jenderal,Terpenuhi,99,98,Lulus,asirwada.setiawan84,ZBjnpR
20261323,Prabu Suwarno,Sekretariat Jenderal,Terpenuhi,96,66,Tidak Lulus,prabu.suwarno31,OZTupf
20262329,Salwa Aryani,Inspektorat Jenderal,Terpenuhi,83,61,Tidak Lulus,salwa.aryani79,8NSJym
20262255,Raina Lailasari,Sekretariat Jenderal,Terpenuhi,80,55,Tidak Lulus,raina.lailasari59,uSihcS
20262205,Shania Permata,Direktorat Jenderal JKL,Terpenuhi,84,60,Tidak Lulus,shania.permata10,DDywmD
20261458,Darsirah Sitompul,Direktorat Jenderal DEF,Terpenuhi,89,93,Lulus,darsirah.sitompul20,2akM5X
20262322,Fitria Nasyidah,Direktorat Jenderal GHI,Terpenuhi,79,63,Tidak Lulus,fitria.nasyidah82,YCeQ7Z
20261453,Lukita Mustofa,Inspektorat Jenderal,Terpenuhi,98,82,Lulus,lukita.mustofa81,aq0mjq
20261022,Kanda Saragih,Direktorat Jenderal GHI,Tidak Terpenuhi,0,0,Tidak Lulus,kanda.saragih36,S7zzJA
20262355,Ana Wulandari,Direktorat Jenderal JKL,Terpenuhi,77,89,Lulus,ana.wulandari24,lGpatP
20262402,Salwa Andriani,Direktorat Jenderal ABC,Terpenuhi,100,97,Lulus,salwa.andriani89,qosmoY
20262240,Wani Fujiati,Direktorat Jenderal ABC,Terpenuhi,100,72,Tidak Lulus,wani.fujiati32,eIDn1B
20261430,Kuncara Mansur,Sekretariat Jenderal,Terpenuhi,79,79,Lulus,kuncara.mansur41,qVs0NW
20261036,Luthfi Marpaung,Direktorat Jenderal JKL,Tidak Terpenuhi,0,0,Tidak Lulus,luthfi.marpaung82,BPAT0M
20262185,Mala Puspita,Direktorat Jenderal JKL,Terpenuhi,98,56,Tidak Lulus,mala.puspita30,arBUnm
20262309,Faizah Rahimah,Badan Pendidikan dan Pelatihan,Terpenuhi,86,72,Tidak Lulus,faizah.rahimah68,MVq1pS
20262344,Maya Suryatmi,Direktorat Jenderal DEF,Terpenuhi,78,54,Tidak Lulus,maya.suryatmi38,S7Ycxy
20261115,Estiono Mustofa,Badan Pendidikan dan Pelatihan,Terpenuhi,57,0,Tidak Lulus,estiono.mustofa49,OtLkQV
20261368,Luwar Mangunsong,Sekretariat Jenderal,Terpenuhi,98,97,Lulus,luwar.mangunsong61,tqpsS8
20261426,Ibun Manullang,Direktorat Jenderal JKL,Terpenuhi,98,98,Lulus,ibun.manullang22,6YQTcd
20262162,Puput Winarsih,Sekretariat Jenderal,Terpenuhi,77,65,Tidak Lulus,puput.winarsih30,SHjLvl
20262257,Mutia Hasanah,Badan Pendidikan dan Pelatihan,Terpenuhi,76,69,Tidak Lulus,mutia.hasanah44,3jbOgR
20262094,Clara Kusmawati,Direktorat Jenderal DEF,Terpenuhi,73,0,Tidak Lulus,clara.kusmawati70,Cqct2f
20262087,Maria Utami,Badan Pendidikan dan Pelatihan,Terpenuhi,63,0,Tidak Lulus,maria.utami95,A3AU6a
20262410,Lalita Mayasari,Direktorat Jenderal GHI,Terpenuhi,95,93,Lulus,lalita.mayasari66,z1OVnN
20262016,Ira Suartini,Inspektorat Jenderal,Tidak Terpenuhi,0,0,Tidak Lulus,ira.suartini63,wSuklA
20262171,Nadine Suartini,Inspektorat Jenderal,Terpenuhi,95,59,Tidak Lulus,nadine.suartini64,D8DHaA
20262013,Nadia Permata,Direktorat Jenderal ABC,Tidak Terpenuhi,0,0,Tidak Lulus,nadia.permata10,ASFl0t
20261224,Cemeti Damanik,Direktorat Jenderal DEF,Terpenuhi,77,65,Tidak Lulus,cemeti.damanik56,gEOGpI
20261413,Agus Uwais,Sekretariat Jenderal,Terpenuhi,99,89,Lulus,agus.uwais80,PQcfYY
20262343,Malika Pudjiastuti,Direktorat Jenderal ABC,Terpenuhi,87,64,Tidak Lulus,malika.pudjiastuti20,gsGYJF
20262254,Puspa Nasyidah,Badan Pendidikan dan Pelatihan,Terpenuhi,77,54,Tidak Lulus,puspa.nasyidah58,bNiSkK
20261468,Eka Nababan,Badan Pendidikan dan Pelatihan,Terpenuhi,93,97,Lulus,eka.nababan72,vSNWvJ
20262113,Rini Pudjiastuti,Direktorat Jenderal DEF,Terpenuhi,59,0,Tidak Lulus,rini.pudjiastuti51,6YkjAs
20262415,Chelsea Puspasari,Sekretariat Jenderal,Terpenuhi,86,96,Lulus,chelsea.puspasari14,BI8UHQ
20262354,Zelaya Palastri,Direktorat Jenderal JKL,Terpenuhi,90,98,Lulus,zelaya.palastri51,5xQK80
20261150,Kala Prabowo,Direktorat Jenderal DEF,Terpenuhi,61,0,Tidak Lulus,kala.prabowo31,IJrxwG
20262140,Yuliana Wahyuni,Badan Pendidikan dan Pelatihan,Terpenuhi,69,0,Tidak Lulus,yuliana.wahyuni78,njC1kI
20262172,Novi Yuniar,Sekretariat Jenderal,Terpenuhi,86,69,Tidak Lulus,novi.yuniar76,JN23ij
20262290,Farhunnisa Andriani,Badan Pendidikan dan Pelatihan,Terpenuhi,97,52,Tidak Lulus,farhunnisa.andriani64,lddlTP
20261291,Mujur Waskita,Badan Pendidikan dan Pelatihan,Terpenuhi,93,73,Tidak Lulus,mujur.waskita52,O3rH44
20262289,Amelia Uyainah,Direktorat Jenderal JKL,Terpenuhi,90,62,Tidak Lulus,amelia.uyainah40,RRRSmw
20261062,Prakosa Firgantoro,Direktorat Jenderal DEF,Terpenuhi,70,0,Tidak Lulus,prakosa.firgantoro35,LBpG7D
20261382,Karta Tarihoran,Direktorat Jenderal DEF,Terpenuhi,87,85,Lulus,karta.tarihoran68,SbxbUH
20262467,Gawati Rahmawati,Direktorat Jenderal GHI,Terpenuhi,86,78,Lulus,gawati.rahmawati18,ivrvwh
20261238,Jaswadi Sihombing,Sekretariat Jenderal,Terpenuhi,98,51,Tidak Lulus,jaswadi.sihombing31,ceQ4bj
20261037,Kalim Widodo,Inspektorat Jenderal,Tidak Terpenuhi,0,0,Tidak Lulus,kalim.widodo47,CKGrbU
20261341,Bahuraksa Tarihoran,Direktorat Jenderal JKL,Terpenuhi,96,71,Tidak Lulus,bahuraksa.tarihoran56,pezoLy
20262423,Halima Aryani,Direktorat Jenderal DEF,Terpenuhi,81,79,Lulus,halima.aryani65,syMPmI
20262111,Karimah Mandasari,Direktorat Jenderal JKL,Terpenuhi,52,0,Tidak Lulus,karimah.mandasari58,OFMNVc
20261279,Makara Sitorus,Direktorat Jenderal ABC,Terpenuhi,83,51,Tidak Lulus,makara.sitorus45,A7sNBR
20262422,Zahra Nurdiyanti,Sekretariat Jenderal,Terpenuhi,91,90,Lulus,zahra.nurdiyanti41,YBTEue
20262004,Talia Fujiati,Inspektorat Jenderal,Tidak Terpenuhi,0,0,Tidak Lulus,talia.fujiati50,V1Pk3s
20262405,Hani Purwanti,Direktorat Jenderal ABC,Terpenuhi,90,88,Lulus,hani.purwanti87,TFguce
20261400,Mulyanto Uwais,Direktorat Jenderal DEF,Terpenuhi,87,90,Lulus,mulyanto.uwais85,f0Kp2r
20261336,Gandewa Narpati,Direktorat Jenderal JKL,Terpenuhi,91,58,Tidak Lulus,gandewa.narpati86,XLSYVE
20262249,Azalea Wahyuni,Direktorat Jenderal JKL,Terpenuhi,95,71,Tidak Lulus,azalea.wahyuni60,RH0NrT
20262010,Calista Rahmawati,Direktorat Jenderal JKL,Tidak Terpenuhi,0,0,Tidak Lulus,calista.rahmawati81,28NA6k
20261360,Tasnim Latupono,Direktorat Jenderal ABC,Terpenuhi,98,85,Lulus,tasnim.latupono27,P0uU0f
20262414,Tina Rahmawati,Inspektorat Jenderal,Terpenuhi,81,98,Lulus,tina.rahmawati88,X9v1Xz
20262192,Farah Zulaika,Direktorat Jenderal DEF,Terpenuhi,87,57,Tidak Lulus,farah.zulaika48,1Feo3I
20261034,Banawi Prayoga,Badan Pendidikan dan Pelatihan,Tidak Terpenuhi,0,0,Tidak Lulus,banawi.prayoga98,z9wAGe
20261178,Kayun Sihotang,Badan Pendidikan dan Pelatihan,Terpenuhi,87,57,Tidak Lulus,kayun.sihotang15,5kPcY6
20262348,Eva Palastri,Direktorat Jenderal GHI,Terpenuhi,80,58,Tidak Lulus,eva.palastri90,plkfiw
20262297,Wani Utami,Inspektorat Jenderal,Terpenuhi,97,73,Tidak Lulus,wani.utami11,RVAcYc
20262158,Sakura Maryati,Sekretariat Jenderal,Terpenuhi,78,66,Tidak Lulus,sakura.maryati27,avcltZ
20262109,Carla Pudjiastuti,Sekretariat Jenderal,Terpenuhi,63,0,Tidak Lulus,carla.pudjiastuti11,ve5kYX
20262252,Hasna Pertiwi,Direktorat Jenderal GHI,Terpenuhi,91,50,Tidak Lulus,hasna.pertiwi59,stA0uB
20262499,Kartika Anggraini,Direktorat Jenderal JKL,Terpenuhi,77,79,Lulus,kartika.anggraini11,3IJSkf
20261440,Taufan Pradana,Badan Pendidikan dan Pelatihan,Terpenuhi,83,96,Lulus,taufan.pradana45,Yudgz3
20261063,Ganep Wijaya,Badan Pendidikan dan Pelatihan,Terpenuhi,56,0,Tidak Lulus,ganep.wijaya96,4LKFeB
20261039,Cakrabuana Manullang,Direktorat Jenderal ABC,Tidak Terpenuhi,0,0,Tidak Lulus,cakrabuana.manullang67,8Zwujh
20262294,Ayu Aryani,Inspektorat Jenderal,Terpenuhi,100,62,Tidak Lulus,ayu.aryani25,JBV86e
20261121,Jindra Permadi,Badan Pendidikan dan Pelatihan,Terpenuhi,53,0,Tidak Lulus,jindra.permadi72,jlTPDW
20262157,Ayu Laksita,Inspektorat Jenderal,Terpenuhi,82,67,Tidak Lulus,ayu.laksita97,rYMTnB
20262433,Nilam Novitasari,Sekretariat Jenderal,Terpenuhi,84,84,Lulus,nilam.novitasari19,5wPH6L
20262009,Mutia Namaga,Direktorat Jenderal DEF,Tidak Terpenuhi,0,0,Tidak Lulus,mutia.namaga28,bYoD0y
20262118,Jane Susanti,Direktorat Jenderal GHI,Terpenuhi,63,0,Tidak Lulus,jane.susanti64,uSqr3R
20261123,Kunthara Thamrin,Direktorat Jenderal ABC,Terpenuhi,66,0,Tidak Lulus,kunthara.thamrin42,dG4W4x
20262399,Yani Handayani,Direktorat Jenderal JKL,Terpenuhi,85,98,Lulus,yani.handayani47,0Yf8as
20262442,Hilda Yuniar,Direktorat Jenderal DEF,Terpenuhi,78,96,Lulus,hilda.yuniar16,OmMb1T
20261029,Jumari Samosir,Direktorat Jenderal DEF,Tidak Terpenuhi,0,0,Tidak Lulus,jumari.samosir62,DPKgrq
20261417,Banara Marpaung,Direktorat Jenderal GHI,Terpenuhi,96,86,Lulus,banara.marpaung51,eVdT0F
20261306,Harjasa Firmansyah,Badan Pendidikan dan Pelatihan,Terpenuhi,80,64,Tidak Lulus,harjasa.firmansyah62,3gPv4e
20262352,Puji Hartati,Sekretariat Jenderal,Terpenuhi,87,77,Lulus,puji.hartati69,oOsBxV
20262152,Cici Permata,Sekretariat Jenderal,Terpenuhi,78,71,Tidak Lulus,cici.permata19,4j1yY2
20261042,Adiarja Kurniawan,Direktorat Jenderal ABC,Tidak Terpenuhi,0,0,Tidak Lulus,adiarja.kurniawan67,iFUNWZ
20262403,Kani Laksmiwati,Inspektorat Jenderal,Terpenuhi,99,92,Lulus,kani.laksmiwati48,cNOdYS
20262044,Fathonah Lailasari,Direktorat Jenderal GHI,Tidak Terpenuhi,0,0,Tidak Lulus,fathonah.lailasari29,J0j8rX
20262128,Paulin Suryatmi,Direktorat Jenderal ABC,Terpenuhi,68,0,Tidak Lulus,paulin.suryatmi77,tuSVLM
20261023,Arsipatra Pradana,Direktorat Jenderal JKL,Tidak Terpenuhi,0,0,Tidak Lulus,arsipatra.pradana45,26TpMH
20261247,Artawan Sihombing,Inspektorat Jenderal,Terpenuhi,76,66,Tidak Lulus,artawan.sihombing26,guXkxv
20261374,Ivan Firgantoro,Sekretariat Jenderal,Terpenuhi,91,91,Lulus,ivan.firgantoro20,ymT2Ko
20262139,Calista Yuliarti,Badan Pendidikan dan Pelatihan,Terpenuhi,52,0,Tidak Lulus,calista.yuliarti67,KHq17Q
20262390,Paris Wijayanti,Direktorat Jenderal DEF,Terpenuhi,100,76,Lulus,paris.wijayanti57,uRdrUy
20262243,Yani Astuti,Sekretariat Jenderal,Terpenuhi,95,52,Tidak Lulus,yani.astuti39,kA2Pnh
20262133,Syahrini Nasyidah,Direktorat Jenderal ABC,Terpenuhi,50,0,Tidak Lulus,syahrini.nasyidah45,YkE9Xn
20262032,Vanesa Namaga,Direktorat Jenderal DEF,Tidak Terpenuhi,0,0,Tidak Lulus,vanesa.namaga13,bxi7ii
20262103,Kamila Oktaviani,Badan Pendidikan dan Pelatihan,Terpenuhi,56,0,Tidak Lulus,kamila.oktaviani37,qNMuri
20262166,Intan Wahyuni,Direktorat Jenderal JKL,Terpenuhi,90,72,Tidak Lulus,intan.wahyuni11,WTSmmF
20262295,Kayla Laksmiwati,Direktorat Jenderal JKL,Terpenuhi,83,63,Tidak Lulus,kayla.laksmiwati97,tpX60b
20262340,Puji Wijayanti,Badan Pendidikan dan Pelatihan,Terpenuhi,77,50,Tidak Lulus,puji.wijayanti71,7Jbxc2
20262394,Puji Usamah,Direktorat Jenderal DEF,Terpenuhi,83,93,Lulus,puji.usamah19,lYmUrL
20262126,Zelda Mardhiyah,Inspektorat Jenderal,Terpenuhi,68,0,Tidak Lulus,zelda.mardhiyah35,bw3qnU
20261117,Sakti Wibowo,Direktorat Jenderal GHI,Terpenuhi,72,0,Tidak Lulus,sakti.wibowo93,WUjMmQ
20261281,Catur Kurniawan,Direktorat Jenderal GHI,Terpenuhi,84,58,Tidak Lulus,catur.kurniawan85,mxcUyN
20262419,Ira Suryatmi,Direktorat Jenderal JKL,Terpenuhi,86,93,Lulus,ira.suryatmi17,nht4qS
20262046,Ami Utami,Direktorat Jenderal JKL,Tidak Terpenuhi,0,0,Tidak Lulus,ami.utami89,OGeIlr
20262466,Siska Namaga,Direktorat Jenderal GHI,Terpenuhi,88,92,Lulus,siska.namaga44,2mVFfi
20261277,Leo Simanjuntak,Direktorat Jenderal JKL,Terpenuhi,96,67,Tidak Lulus,leo.simanjuntak22,x8cIP0
20262116,Maya Novitasari,Direktorat Jenderal ABC,Terpenuhi,72,0,Tidak Lulus,maya.novitasari45,8QWqNz
20262274,Padma Nuraini,Direktorat Jenderal GHI,Terpenuhi,97,63,Tidak Lulus,padma.nuraini76,09qym1
20261201,Jaiman Utama,Direktorat Jenderal ABC,Terpenuhi,76,59,Tidak Lulus,jaiman.utama81,N1Qv2s
20261385,Kajen Ramadan,Direktorat Jenderal GHI,Terpenuhi,90,86,Lulus,kajen.ramadan61,DwerYl
20262020,Siska Wulandari,Inspektorat Jenderal,Tidak Terpenuhi,0,0,Tidak Lulus,siska.wulandari20,9xz9kB
20262181,Kezia Permata,Direktorat Jenderal GHI,Terpenuhi,77,61,Tidak Lulus,kezia.permata34,syJoI4
20262144,Clara Hastuti,Direktorat Jenderal DEF,Terpenuhi,62,0,Tidak Lulus,clara.hastuti43,SI4Z08
20262142,Putri Aryani,Direktorat Jenderal GHI,Terpenuhi,50,0,Tidak Lulus,putri.aryani31,DvWt3m
20261262,Bakidin Kusumo,Direktorat Jenderal DEF,Terpenuhi,82,62,Tidak Lulus,bakidin.kusumo29,gJapqc
20262455,Elvina Rahayu,Direktorat Jenderal GHI,Terpenuhi,87,99,Lulus,elvina.rahayu43,FTmWVV
20262314,Pia Palastri,Sekretariat Jenderal,Terpenuhi,81,54,Tidak Lulus,pia.palastri86,Pew7xP
20262048,Eka Puspita,Inspektorat Jenderal,Tidak Terpenuhi,0,0,Tidak Lulus,eka.puspita46,488GVU
20261392,Ade Adriansyah,Direktorat Jenderal JKL,Terpenuhi,89,99,Lulus,ade.adriansyah67,UvSsHI
20261229,Pangeran Wijaya,Sekretariat Jenderal,Terpenuhi,85,70,Tidak Lulus,pangeran.wijaya70,zazZlt
20261050,Ian Sinaga,Badan Pendidikan dan Pelatihan,Tidak Terpenuhi,0,0,Tidak Lulus,ian.sinaga93,oBMrpB
20262483,Vera Prastuti,Direktorat Jenderal DEF,Terpenuhi,90,100,Lulus,vera.prastuti19,sNaFoh
20261237,Banawi Adriansyah,Inspektorat Jenderal,Terpenuhi,100,73,Tidak Lulus,banawi.adriansyah30,RjU4jm
20262035,Malika Rahmawati,Direktorat Jenderal GHI,Tidak Terpenuhi,0,0,Tidak Lulus,malika.rahmawati47,PiU64a
20262078,Widya Nasyidah,Direktorat Jenderal GHI,Terpenuhi,54,0,Tidak Lulus,widya.nasyidah42,AATgYv
20261437,Uda Budiyanto,Inspektorat Jenderal,Terpenuhi,96,90,Lulus,uda.budiyanto62,n7dd9C
20261066,Candrakanta Mansur,Badan Pendidikan dan Pelatihan,Terpenuhi,69,0,Tidak Lulus,candrakanta.mansur28,wB7Ziv
20261099,Rendy Prabowo,Inspektorat Jenderal,Terpenuhi,51,0,Tidak Lulus,rendy.prabowo19,mMZZHj
20262327,Shakila Maryati,Direktorat Jenderal JKL,Terpenuhi,78,62,Tidak Lulus,shakila.maryati93,uepBLy
20262195,Julia Kuswandari,Sekretariat Jenderal,Terpenuhi,84,74,Tidak Lulus,julia.kuswandari59,yj1U7I
20261194,Kala Pratama,Direktorat Jenderal DEF,Terpenuhi,95,51,Tidak Lulus,kala.pratama17,mlm13e
20262292,Diah Handayani,Direktorat Jenderal ABC,Terpenuhi,88,64,Tidak Lulus,diah.handayani61,9mXt4M
20261312,Garan Kurniawan,Inspektorat Jenderal,Terpenuhi,84,59,Tidak Lulus,garan.kurniawan98,2Uphgt
20262053,Gina Maryati,Direktorat Jenderal JKL,Terpenuhi,51,0,Tidak Lulus,gina.maryati27,7Vsap1
20261160,Ihsan Sinaga,Direktorat Jenderal DEF,Terpenuhi,85,58,Tidak Lulus,ihsan.sinaga51,hkysM3
20262441,Karimah Palastri,Badan Pendidikan dan Pelatihan,Terpenuhi,80,83,Lulus,karimah.palastri47,p9omrU
20262233,Elvina Anggraini,Direktorat Jenderal JKL,Terpenuhi,81,60,Tidak Lulus,elvina.anggraini87,DnlFq5
20261393,Hamzah Rajata,Direktorat Jenderal GHI,Terpenuhi,89,98,Lulus,hamzah.rajata73,oPSmIF
20262269,Nilam Hariyah,Sekretariat Jenderal,Terpenuhi,96,69,Tidak Lulus,nilam.hariyah36,33n5We
20261168,Asirwanda Waluyo,Direktorat Jenderal DEF,Terpenuhi,99,56,Tidak Lulus,asirwanda.waluyo87,AzxGUP
20261304,Nrima Prakasa,Inspektorat Jenderal,Terpenuhi,98,73,Tidak Lulus,nrima.prakasa51,apdPDB
20262376,Ellis Handayani,Sekretariat Jenderal,Terpenuhi,93,80,Lulus,ellis.handayani21,i8t3kV
20262465,Paulin Wijayanti,Direktorat Jenderal DEF,Terpenuhi,98,91,Lulus,paulin.wijayanti93,HNmCKZ
20262136,Maya Namaga,Sekretariat Jenderal,Terpenuhi,60,0,Tidak Lulus,maya.namaga42,AgDyLz
20262219,Tiara Hassanah,Badan Pendidikan dan Pelatihan,Terpenuhi,80,65,Tidak Lulus,tiara.hassanah13,tU4bww
20262282,Betania Purwanti,Direktorat Jenderal ABC,Terpenuhi,89,52,Tidak Lulus,betania.purwanti23,zy338Q
20261460,Latif Budiman,Direktorat Jenderal DEF,Terpenuhi,98,96,Lulus,latif.budiman24,RXWGrD
20262318,Safina Zulaika,Direktorat Jenderal GHI,Terpenuhi,76,51,Tidak Lulus,safina.zulaika58,zuJTJ3
20261130,Samsul Maheswara,Direktorat Jenderal DEF,Terpenuhi,54,0,Tidak Lulus,samsul.maheswara40,2BPcw0
20262167,Cindy Usamah,Direktorat Jenderal GHI,Terpenuhi,97,59,Tidak Lulus,cindy.usamah63,21b1rc
20261096,Usman Pradana,Direktorat Jenderal GHI,Terpenuhi,63,0,Tidak Lulus,usman.pradana94,A3lBl7
20261198,Gatot Lazuardi,Direktorat Jenderal DEF,Terpenuhi,96,56,Tidak Lulus,gatot.lazuardi69,02D7Xq
20261371,Karman Wasita,Direktorat Jenderal DEF,Terpenuhi,82,100,Lulus,karman.wasita33,qRJMPK
20261478,Daliman Kusumo,Direktorat Jenderal ABC,Terpenuhi,92,92,Lulus,daliman.kusumo21,9owcKA
20262486,Dalima Widiastuti,Direktorat Jenderal DEF,Terpenuhi,90,79,Lulus,dalima.widiastuti77,NyGl5L
20262285,Padma Kusmawati,Direktorat Jenderal ABC,Terpenuhi,76,51,Tidak Lulus,padma.kusmawati35,s081yU
20262401,Zizi Oktaviani,Inspektorat Jenderal,Terpenuhi,96,88,Lulus,zizi.oktaviani44,XbCipQ
20262284,Oni Nuraini,Sekretariat Jenderal,Terpenuhi,81,51,Tidak Lulus,oni.nuraini39,h66yGO
20261351,Budi Pranowo,Direktorat Jenderal DEF,Terpenuhi,100,94,Lulus,budi.pranowo68,aqU5hv
20262170,Cornelia Rahmawati,Direktorat Jenderal ABC,Terpenuhi,95,72,Tidak Lulus,cornelia.rahmawati72,qaBZZ4
20261104,Lulut Mandala,Direktorat Jenderal GHI,Terpenuhi,69,0,Tidak Lulus,lulut.mandala94,YN8Sny
20262388,Ira Mandasari,Direktorat Jenderal DEF,Terpenuhi,84,77,Lulus,ira.mandasari74,Z0Wf4z
20261287,Dartono Wibowo,Direktorat Jenderal GHI,Terpenuhi,76,60,Tidak Lulus,dartono.wibowo71,RMBAXH
20262174,Salwa Nurdiyanti,Direktorat Jenderal DEF,Terpenuhi,91,56,Tidak Lulus,salwa.nurdiyanti44,6XuE6c
20262276,Puji Wahyuni,Direktorat Jenderal DEF,Terpenuhi,90,51,Tidak Lulus,puji.wahyuni19,K7iBns
20262208,Lalita Wijayanti,Inspektorat Jenderal,Terpenuhi,79,73,Tidak Lulus,lalita.wijayanti87,BWupJ8
20261428,Cawisono Utama,Badan Pendidikan dan Pelatihan,Terpenuhi,93,89,Lulus,cawisono.utama93,4KsolS
20261477,Adika Gunarto,Direktorat Jenderal ABC,Terpenuhi,79,78,Lulus,adika.gunarto76,DMUUQA
20262338,Shania Hastuti,Direktorat Jenderal DEF,Terpenuhi,84,52,Tidak Lulus,shania.hastuti95,CNcZu0
20262439,Tira Rahmawati,Direktorat Jenderal GHI,Terpenuhi,78,97,Lulus,tira.rahmawati70,R2jP8h
20262335,Siti Riyanti,Direktorat Jenderal DEF,Terpenuhi,83,65,Tidak Lulus,siti.riyanti99,T17pMp
20262244,Paramita Mayasari,Direktorat Jenderal GHI,Terpenuhi,95,74,Tidak Lulus,paramita.mayasari32,cjYcws
20262005,Ilsa Wastuti,Direktorat Jenderal DEF,Tidak Terpenuhi,0,0,Tidak Lulus,ilsa.wastuti28,Wroxx8
20261183,Saiful Wahyudin,Direktorat Jenderal ABC,Terpenuhi,88,53,Tidak Lulus,saiful.wahyudin51,dbcxcW
20262246,Kartika Handayani,Direktorat Jenderal JKL,Terpenuhi,98,73,Tidak Lulus,kartika.handayani88,7ljtxg
20261082,Darimin Siregar,Direktorat Jenderal JKL,Terpenuhi,68,0,Tidak Lulus,darimin.siregar12,bZ7GUW
20262014,Jasmin Kuswandari,Inspektorat Jenderal,Tidak Terpenuhi,0,0,Tidak Lulus,jasmin.kuswandari61,xte6QZ
20262081,Mutia Pudjiastuti,Inspektorat Jenderal,Terpenuhi,55,0,Tidak Lulus,mutia.pudjiastuti93,ikZFTg
20261134,Sabri Siregar,Sekretariat Jenderal,Terpenuhi,58,0,Tidak Lulus,sabri.siregar86,ptR39A
20262370,Ciaobella Hariyah,Direktorat Jenderal JKL,Terpenuhi,89,88,Lulus,ciaobella.hariyah65,Kpngwk
20262324,Zaenab Hasanah,Direktorat Jenderal ABC,Terpenuhi,99,53,Tidak Lulus,zaenab.hasanah97,A8XbrT
20262359,Kezia Novitasari,Badan Pendidikan dan Pelatihan,Terpenuhi,96,84,Lulus,kezia.novitasari78,Jrre40
20262145,Faizah Andriani,Direktorat Jenderal JKL,Terpenuhi,67,0,Tidak Lulus,faizah.andriani75,guATQC
20261451,Okta Suwarno,Badan Pendidikan dan Pelatihan,Terpenuhi,96,86,Lulus,okta.suwarno32,zyGCaV
20262052,Kayla Wastuti,Badan Pendidikan dan Pelatihan,Terpenuhi,66,0,Tidak Lulus,kayla.wastuti74,Pmopbt
20262135,Kania Farida,Direktorat Jenderal DEF,Terpenuhi,69,0,Tidak Lulus,kania.farida35,1DdmU5
20262474,Endah Kusmawati,Sekretariat Jenderal,Terpenuhi,97,81,Lulus,endah.kusmawati38,eztjMZ
20261310,Darman Januar,Direktorat Jenderal JKL,Terpenuhi,83,74,Tidak Lulus,darman.januar28,Opb3sg
20262079,Elma Maryati,Inspektorat Jenderal,Terpenuhi,70,0,Tidak Lulus,elma.maryati67,TREgBV
20261429,Elvin Rajasa,Direktorat Jenderal ABC,Terpenuhi,80,98,Lulus,elvin.rajasa60,FA1EUV
20262090,Pia Andriani,Sekretariat Jenderal,Terpenuhi,66,0,Tidak Lulus,pia.andriani31,5yXpZ4
20261412,Mahesa Nugroho,Direktorat Jenderal ABC,Terpenuhi,99,100,Lulus,mahesa.nugroho38,hvFjV2
20262236,Padma Rahayu,Badan Pendidikan dan Pelatihan,Terpenuhi,94,63,Tidak Lulus,padma.rahayu76,HG3a0e
20261485,Kamidin Wahyudin,Inspektorat Jenderal,Terpenuhi,78,99,Lulus,kamidin.wahyudin24,YvSEde
20262459,Siti Haryanti,Inspektorat Jenderal,Terpenuhi,80,91,Lulus,siti.haryanti99,AJYWzV
20262308,Puput Rahimah,Badan Pendidikan dan Pelatihan,Terpenuhi,96,59,Tidak Lulus,puput.rahimah76,0iWQfl
20261305,Ega Simanjuntak,Badan Pendidikan dan Pelatihan,Terpenuhi,100,66,Tidak Lulus,ega.simanjuntak94,WNe0TF
20261265,Lega Mansur,Inspektorat Jenderal,Terpenuhi,80,64,Tidak Lulus,lega.mansur37,0dJiaO
20262479,Safina Puspasari,Sekretariat Jenderal,Terpenuhi,93,88,Lulus,safina.puspasari64,x6Cu1j
20262395,Alika Widiastuti,Badan Pendidikan dan Pelatihan,Terpenuhi,83,78,Lulus,alika.widiastuti25,tFBh2y
20262080,Yessi Permata,Badan Pendidikan dan Pelatihan,Terpenuhi,58,0,Tidak Lulus,yessi.permata15,06CXsS
20261069,Kairav Prasasta,Badan Pendidikan dan Pelatihan,Terpenuhi,65,0,Tidak Lulus,kairav.prasasta45,2BkQbD
20262495,Fitriani Nasyidah,Direktorat Jenderal GHI,Terpenuhi,83,91,Lulus,fitriani.nasyidah81,D5WWyk
20262221,Mala Usada,Direktorat Jenderal JKL,Terpenuhi,77,66,Tidak Lulus,mala.usada84,cB65Pp
20262059,Cinta Lestari,Direktorat Jenderal JKL,Terpenuhi,59,0,Tidak Lulus,cinta.lestari89,WdI3ZK
20261075,Hartana Gunarto,Badan Pendidikan dan Pelatihan,Terpenuhi,62,0,Tidak Lulus,hartana.gunarto77,6Itw8C
20261028,Kambali Wahyudin,Direktorat Jenderal DEF,Tidak Terpenuhi,0,0,Tidak Lulus,kambali.wahyudin27,GlxSVC
20261024,Tasdik Suwarno,Direktorat Jenderal DEF,Tidak Terpenuhi,0,0,Tidak Lulus,tasdik.suwarno33,vCJ4kS
20261147,Budi Dongoran,Inspektorat Jenderal,Terpenuhi,70,0,Tidak Lulus,budi.dongoran16,SEPyav
20262232,Ana Utami,Sekretariat Jenderal,Terpenuhi,80,50,Tidak Lulus,ana.utami57,os2vOb
20261012,Balamantri Sinaga,Direktorat Jenderal GHI,Tidak Terpenuhi,0,0,Tidak Lulus,balamantri.sinaga47,7V5PUe
20262464,Suci Fujiati,Direktorat Jenderal JKL,Terpenuhi,89,82,Lulus,suci.fujiati76,5SMWWy
20262124,Hamima Laksita,Direktorat Jenderal JKL,Terpenuhi,65,0,Tidak Lulus,hamima.laksita15,xnKHD3
20261286,Prayoga Jailani,Badan Pendidikan dan Pelatihan,Terpenuhi,89,60,Tidak Lulus,prayoga.jailani50,gf4wM6
20261163,Maman Sitorus,Direktorat Jenderal ABC,Terpenuhi,90,60,Tidak Lulus,maman.sitorus66,P2u7jb
20261153,Mulyono Hutapea,Direktorat Jenderal ABC,Terpenuhi,92,55,Tidak Lulus,mulyono.hutapea34,mZbvPr
20262189,Intan Maryati,Inspektorat Jenderal,Terpenuhi,100,52,Tidak Lulus,intan.maryati25,ITQ8b6
20261256,Lurhur Hutasoit,Inspektorat Jenderal,Terpenuhi,88,70,Tidak Lulus,lurhur.hutasoit58,Vr2g8H
20261387,Prabu Mangunsong,Inspektorat Jenderal,Terpenuhi,90,82,Lulus,prabu.mangunsong24,YKsYzE
20262260,Sakura Nuraini,Direktorat Jenderal GHI,Terpenuhi,99,73,Tidak Lulus,sakura.nuraini24,8SQzTM
20261001,Wahyu Narpati,Inspektorat Jenderal,Tidak Terpenuhi,0,0,Tidak Lulus,wahyu.narpati27,2uFNR8
20261180,Maras Natsir,Inspektorat Jenderal,Terpenuhi,77,61,Tidak Lulus,maras.natsir67,Sty43x
20262278,Gawati Laksita,Direktorat Jenderal GHI,Terpenuhi,77,55,Tidak Lulus,gawati.laksita41,lZVbhG
20261154,Ilyas Setiawan,Sekretariat Jenderal,Terpenuhi,89,65,Tidak Lulus,ilyas.setiawan81,BXrFEU
20261143,Cengkir Habibi,Direktorat Jenderal ABC,Terpenuhi,71,0,Tidak Lulus,cengkir.habibi12,8gtPBX
20262347,Salsabila Safitri,Inspektorat Jenderal,Terpenuhi,78,60,Tidak Lulus,salsabila.safitri15,Kfq67G
20262228,Michelle Hariyah,Direktorat Jenderal GHI,Terpenuhi,79,53,Tidak Lulus,michelle.hariyah92,B7c2FR
20262055,Ifa Suryatmi,Direktorat Jenderal GHI,Terpenuhi,58,0,Tidak Lulus,ifa.suryatmi24,VZzbrj
20262164,Ratna Oktaviani,Direktorat Jenderal GHI,Terpenuhi,77,53,Tidak Lulus,ratna.oktaviani76,rcwf1v
20262058,Fathonah Zulaika,Direktorat Jenderal GHI,Terpenuhi,63,0,Tidak Lulus,fathonah.zulaika76,3ST58P
20262361,Kezia Yuliarti,Direktorat Jenderal GHI,Terpenuhi,84,97,Lulus,kezia.yuliarti10,86pjq6
20262270,Betania Pertiwi,Inspektorat Jenderal,Terpenuhi,96,64,Tidak Lulus,betania.pertiwi77,UocBcr
20261488,Garda Tamba,Direktorat Jenderal ABC,Terpenuhi,92,82,Lulus,garda.tamba42,c7SSSZ
20261125,Adika Maheswara,Direktorat Jenderal JKL,Terpenuhi,58,0,Tidak Lulus,adika.maheswara71,ikFeC3
20261250,Edi Maryadi,Direktorat Jenderal ABC,Terpenuhi,96,66,Tidak Lulus,edi.maryadi33,JuiXMy
20261283,Ihsan Pranowo,Direktorat Jenderal ABC,Terpenuhi,91,58,Tidak Lulus,ihsan.pranowo35,XZ7Dnm
20262223,Anastasia Astuti,Badan Pendidikan dan Pelatihan,Terpenuhi,90,74,Tidak Lulus,anastasia.astuti90,exPhdY
20262333,Nadia Puspita,Badan Pendidikan dan Pelatihan,Terpenuhi,92,67,Tidak Lulus,nadia.puspita77,Fwtkqc
20262146,Elvina Agustina,Direktorat Jenderal ABC,Terpenuhi,53,0,Tidak Lulus,elvina.agustina93,0Ntq34
20261450,Eko Simanjuntak,Direktorat Jenderal DEF,Terpenuhi,88,96,Lulus,eko.simanjuntak65,A5n2jy
20262434,Kania Yuliarti,Direktorat Jenderal ABC,Terpenuhi,79,82,Lulus,kania.yuliarti85,AtuEmo
20262320,Salsabila Laksita,Direktorat Jenderal ABC,Terpenuhi,99,56,Tidak Lulus,salsabila.laksita51,vS9DLQ
20262120,Ana Maryati,Direktorat Jenderal GHI,Terpenuhi,68,0,Tidak Lulus,ana.maryati44,nazDBp
20261446,Eja Prabowo,Badan Pendidikan dan Pelatihan,Terpenuhi,99,81,Lulus,eja.prabowo54,fY6vYF
20261267,Bagya Firgantoro,Inspektorat Jenderal,Terpenuhi,96,59,Tidak Lulus,bagya.firgantoro47,7ijRb5
20262101,Dewi Wulandari,Direktorat Jenderal ABC,Terpenuhi,65,0,Tidak Lulus,dewi.wulandari29,Ji3r2j
20262457,Amalia Nuraini,Direktorat Jenderal JKL,Terpenuhi,90,87,Lulus,amalia.nuraini50,wLOegB
20261315,Rusman Narpati,Direktorat Jenderal ABC,Terpenuhi,80,68,Tidak Lulus,rusman.narpati18,dr4FuG
20262199,Devi Anggraini,Inspektorat Jenderal,Terpenuhi,80,61,Tidak Lulus,devi.anggraini35,0puDjV
20262298,Gabriella Andriani,Badan Pendidikan dan Pelatihan,Terpenuhi,86,74,Tidak Lulus,gabriella.andriani47,FdKDMD
20261481,Cawisono Sihombing,Direktorat Jenderal GHI,Terpenuhi,84,90,Lulus,cawisono.sihombing98,RZ1PS2
20262095,Padmi Yuliarti,Direktorat Jenderal DEF,Terpenuhi,58,0,Tidak Lulus,padmi.yuliarti96,N2YCI6
20262085,Kiandra Rahimah,Direktorat Jenderal JKL,Terpenuhi,72,0,Tidak Lulus,kiandra.rahimah93,max940
20262206,Jane Nuraini,Sekretariat Jenderal,Terpenuhi,94,61,Tidak Lulus,jane.nuraini51,AXOn9V
20261049,Cahyo Sirait,Direktorat Jenderal ABC,Tidak Terpenuhi,0,0,Tidak Lulus,cahyo.sirait23,GPgKtq
20262089,Kamila Safitri,Direktorat Jenderal DEF,Terpenuhi,69,0,Tidak Lulus,kamila.safitri15,PEnzzO
20262054,Diah Oktaviani,Inspektorat Jenderal,Terpenuhi,61,0,Tidak Lulus,diah.oktaviani80,HRL8AU
20262074,Halima Halimah,Direktorat Jenderal GHI,Terpenuhi,68,0,Tidak Lulus,halima.halimah41,6wAnEq
20262070,Rachel Hariyah,Sekretariat Jenderal,Terpenuhi,54,0,Tidak Lulus,rachel.hariyah32,UHBVYE
20261389,Cakrawala Hutagalung,Direktorat Jenderal JKL,Terpenuhi,86,86,Lulus,cakrawala.hutagalung23,jzF4D9
20261471,Olga Wijaya,Direktorat Jenderal DEF,Terpenuhi,95,83,Lulus,olga.wijaya41,WVFSjg
20262492,Diana Hastuti,Direktorat Jenderal ABC,Terpenuhi,76,78,Lulus,diana.hastuti64,wM1Sj7
20261380,Parman Nashiruddin,Direktorat Jenderal DEF,Terpenuhi,88,90,Lulus,parman.nashiruddin78,ut1ZNi
20261326,Heryanto Iswahyudi,Direktorat Jenderal JKL,Terpenuhi,78,58,Tidak Lulus,heryanto.iswahyudi31,LyUqH6
20261259,Nardi Anggriawan,Inspektorat Jenderal,Terpenuhi,90,62,Tidak Lulus,nardi.anggriawan16,UQ0RpE
20262230,Unjani Zulaika,Direktorat Jenderal GHI,Terpenuhi,81,68,Tidak Lulus,unjani.zulaika13,O5L2A5
20261190,Irfan Maheswara,Sekretariat Jenderal,Terpenuhi,100,61,Tidak Lulus,irfan.maheswara27,QyLJ8e
20261431,Baktiono Natsir,Inspektorat Jenderal,Terpenuhi,84,99,Lulus,baktiono.natsir45,JYO04o
20262470,Zulaikha Suryatmi,Direktorat Jenderal JKL,Terpenuhi,85,76,Lulus,zulaikha.suryatmi80,JFjDJM
20261317,Kasim Sihombing,Sekretariat Jenderal,Terpenuhi,88,67,Tidak Lulus,kasim.sihombing65,MMoRVc
20261141,Balidin Damanik,Direktorat Jenderal GHI,Terpenuhi,65,0,Tidak Lulus,balidin.damanik63,as1IDs
20262416,Clara Mayasari,Direktorat Jenderal JKL,Terpenuhi,90,98,Lulus,clara.mayasari96,VY4iKY
20261342,Setya Tarihoran,Direktorat Jenderal GHI,Terpenuhi,90,72,Tidak Lulus,setya.tarihoran39,c8bdv0
20262357,Violet Zulaika,Direktorat Jenderal DEF,Terpenuhi,100,99,Lulus,violet.zulaika87,BV9YDj
20262073,Gina Purwanti,Inspektorat Jenderal,Terpenuhi,64,0,Tidak Lulus,gina.purwanti69,ajeB2s
20262017,Jasmin Nasyiah,Badan Pendidikan dan Pelatihan,Tidak Terpenuhi,0,0,Tidak Lulus,jasmin.nasyiah24,eGj236
20261061,Hamzah Nababan,Badan Pendidikan dan Pelatihan,Terpenuhi,50,0,Tidak Lulus,hamzah.nababan25,34C1tb
20261175,Estiawan Manullang,Direktorat Jenderal ABC,Terpenuhi,97,52,Tidak Lulus,estiawan.manullang68,i717fu
20262345,Ratih Widiastuti,Direktorat Jenderal GHI,Terpenuhi,90,52,Tidak Lulus,ratih.widiastuti42,8XkdXK
20262381,Qori Halimah,Direktorat Jenderal DEF,Terpenuhi,87,95,Lulus,qori.halimah48,oHRQ19
20262472,Salwa Yuliarti,Direktorat Jenderal DEF,Terpenuhi,89,82,Lulus,salwa.yuliarti22,DGkA4k
20262301,Rini Hastuti,Direktorat Jenderal JKL,Terpenuhi,98,65,Tidak Lulus,rini.hastuti85,WL5afy
20261225,Maras Utama,Badan Pendidikan dan Pelatihan,Terpenuhi,96,65,Tidak Lulus,maras.utama45,FPCbEE
20261127,Koko Prabowo,Direktorat Jenderal ABC,Terpenuhi,65,0,Tidak Lulus,koko.prabowo27,OvAt6n
20261463,Yahya Pangestu,Badan Pendidikan dan Pelatihan,Terpenuhi,78,99,Lulus,yahya.pangestu47,pHqCBm
20261436,Martani Marbun,Direktorat Jenderal JKL,Terpenuhi,88,87,Lulus,martani.marbun83,eG49zG
20261212,Ikhsan Waskita,Badan Pendidikan dan Pelatihan,Terpenuhi,88,71,Tidak Lulus,ikhsan.waskita75,LZeAbF
20261384,Mulya Damanik,Direktorat Jenderal DEF,Terpenuhi,84,91,Lulus,mulya.damanik78,T3YOPA
20262498,Syahrini Winarsih,Direktorat Jenderal DEF,Terpenuhi,83,83,Lulus,syahrini.winarsih49,B8igJd
20261280,Narji Iswahyudi,Sekretariat Jenderal,Terpenuhi,79,53,Tidak Lulus,narji.iswahyudi17,i3RoLp
20262068,Kiandra Puspasari,Inspektorat Jenderal,Terpenuhi,58,0,Tidak Lulus,kiandra.puspasari34,t9f1RL
20262165,Ade Pudjiastuti,Direktorat Jenderal DEF,Terpenuhi,76,73,Tidak Lulus,ade.pudjiastuti26,8AaK51
20262173,Fitriani Aryani,Direktorat Jenderal DEF,Terpenuhi,100,54,Tidak Lulus,fitriani.aryani68,lhJZpA
20262038,Laila Sudiati,Sekretariat Jenderal,Tidak Terpenuhi,0,0,Tidak Lulus,laila.sudiati47,gAhku3
20262302,Clara Purwanti,Sekretariat Jenderal,Terpenuhi,88,56,Tidak Lulus,clara.purwanti22,2QhsEt
20261092,Balamantri Pangestu,Inspektorat Jenderal,Terpenuhi,70,0,Tidak Lulus,balamantri.pangestu90,Tf503L
20262248,Amelia Hartati,Sekretariat Jenderal,Terpenuhi,82,72,Tidak Lulus,amelia.hartati88,Ua9JUM
20262025,Ajeng Mardhiyah,Direktorat Jenderal JKL,Tidak Terpenuhi,0,0,Tidak Lulus,ajeng.mardhiyah21,aFN0Ww
20261041,Karta Narpati,Sekretariat Jenderal,Tidak Terpenuhi,0,0,Tidak Lulus,karta.narpati60,qfmKhZ
20262372,Cornelia Novitasari,Badan Pendidikan dan Pelatihan,Terpenuhi,99,76,Lulus,cornelia.novitasari77,Y5oDBP
20261325,Asmianto Prayoga,Direktorat Jenderal JKL,Terpenuhi,85,52,Tidak Lulus,asmianto.prayoga48,P6Gq68
20261408,Mitra Kurniawan,Direktorat Jenderal ABC,Terpenuhi,83,88,Lulus,mitra.kurniawan94,5TQnfg
20261086,Asirwanda Sinaga,Badan Pendidikan dan Pelatihan,Terpenuhi,65,0,Tidak Lulus,asirwanda.sinaga81,sCicS4
20261196,Yosef Uwais,Sekretariat Jenderal,Terpenuhi,89,59,Tidak Lulus,yosef.uwais26,yIsopf
20262356,Ilsa Laksmiwati,Direktorat Jenderal DEF,Terpenuhi,88,86,Lulus,ilsa.laksmiwati80,BLOl8i
20262114,Yuni Hariyah,Direktorat Jenderal GHI,Terpenuhi,55,0,Tidak Lulus,yuni.hariyah38,Exd5VR
20261226,Mumpuni Latupono,Direktorat Jenderal ABC,Terpenuhi,98,72,Tidak Lulus,mumpuni.latupono29,8izsW4
20262203,Ratih Kuswandari,Direktorat Jenderal GHI,Terpenuhi,77,51,Tidak Lulus,ratih.kuswandari61,JD0ouc
20262271,Mutia Susanti,Badan Pendidikan dan Pelatihan,Terpenuhi,91,71,Tidak Lulus,mutia.susanti12,K89umL
20262300,Maya Usamah,Direktorat Jenderal JKL,Terpenuhi,98,57,Tidak Lulus,maya.usamah20,PDiLZF
20262264,Kartika Widiastuti,Inspektorat Jenderal,Terpenuhi,93,50,Tidak Lulus,kartika.widiastuti70,pCmBnA
20262482,Rika Mardhiyah,Direktorat Jenderal GHI,Terpenuhi,85,99,Lulus,rika.mardhiyah19,eiAgVq
20262187,Jessica Hassanah,Badan Pendidikan dan Pelatihan,Terpenuhi,77,69,Tidak Lulus,jessica.hassanah82,2KmhWP
20261067,Viman Tarihoran,Sekretariat Jenderal,Terpenuhi,72,0,Tidak Lulus,viman.tarihoran18,hhwzSG
20262378,Bella Yolanda,Badan Pendidikan dan Pelatihan,Terpenuhi,95,93,Lulus,bella.yolanda27,M3DXF2
20261296,Teguh Napitupulu,Sekretariat Jenderal,Terpenuhi,90,71,Tidak Lulus,teguh.napitupulu44,wYd9qy
20261065,Bagya Samosir,Direktorat Jenderal JKL,Terpenuhi,62,0,Tidak Lulus,bagya.samosir41,zrTmWR
20262494,Puspa Fujiati,Inspektorat Jenderal,Terpenuhi,77,78,Lulus,puspa.fujiati68,oc1fFW
20261398,Limar Samosir,Direktorat Jenderal JKL,Terpenuhi,76,95,Lulus,limar.samosir66,w6hW1c
20261480,Leo Widodo,Direktorat Jenderal GHI,Terpenuhi,79,82,Lulus,leo.widodo47,LhJZix
20261339,Banawa Napitupulu,Sekretariat Jenderal,Terpenuhi,91,53,Tidak Lulus,banawa.napitupulu39,HaaKs0
20262307,Aisyah Halimah,Direktorat Jenderal ABC,Terpenuhi,100,53,Tidak Lulus,aisyah.halimah91,9OQB6X
20262217,Ghaliyati Hartati,Badan Pendidikan dan Pelatihan,Terpenuhi,79,66,Tidak Lulus,ghaliyati.hartati49,0Ye4hz
20262184,Violet Usada,Direktorat Jenderal ABC,Terpenuhi,82,56,Tidak Lulus,violet.usada31,NDciXQ
20262452,Uli Aryani,Inspektorat Jenderal,Terpenuhi,97,85,Lulus,uli.aryani29,0gajx5
20262461,Ade Hasanah,Direktorat Jenderal DEF,Terpenuhi,97,79,Lulus,ade.hasanah96,GAw9ej
20262102,Yuliana Yuliarti,Direktorat Jenderal GHI,Terpenuhi,69,0,Tidak Lulus,yuliana.yuliarti52,biKYWf
20261083,Maryanto Wibisono,Direktorat Jenderal DEF,Terpenuhi,50,0,Tidak Lulus,maryanto.wibisono28,ozbeil
20261407,Bala Pradipta,Direktorat Jenderal GHI,Terpenuhi,96,88,Lulus,bala.pradipta26,TJqvZU
20262222,Janet Novitasari,Direktorat Jenderal JKL,Terpenuhi,96,60,Tidak Lulus,janet.novitasari53,3jpIVh
20262396,Victoria Melani,Direktorat Jenderal JKL,Terpenuhi,97,80,Lulus,victoria.melani40,zbz95i
20262002,Shakila Safitri,Direktorat Jenderal DEF,Tidak Terpenuhi,0,0,Tidak Lulus,shakila.safitri21,eLvg0l
20261077,Kacung Situmorang,Direktorat Jenderal DEF,Terpenuhi,66,0,Tidak Lulus,kacung.situmorang93,wGv5VG
20262031,Tami Hastuti,Direktorat Jenderal DEF,Tidak Terpenuhi,0,0,Tidak Lulus,tami.hastuti83,LkqxK8
20262026,Tiara Fujiati,Direktorat Jenderal JKL,Tidak Terpenuhi,0,0,Tidak Lulus,tiara.fujiati13,X0eF7c
20262346,Ilsa Rahayu,Direktorat Jenderal JKL,Terpenuhi,94,58,Tidak Lulus,ilsa.rahayu75,BIYeFa
20262112,Queen Rahmawati,Sekretariat Jenderal,Terpenuhi,69,0,Tidak Lulus,queen.rahmawati75,OEMlPQ
20261435,Jinawi Maryadi,Badan Pendidikan dan Pelatihan,Terpenuhi,76,80,Lulus,jinawi.maryadi87,taPGyn
20262406,Eka Namaga,Badan Pendidikan dan Pelatihan,Terpenuhi,79,89,Lulus,eka.namaga28,E3aB0K
20262456,Nadia Riyanti,Badan Pendidikan dan Pelatihan,Terpenuhi,92,80,Lulus,nadia.riyanti84,Lg2y5S
20262364,Tania Mandasari,Sekretariat Jenderal,Terpenuhi,84,78,Lulus,tania.mandasari88,No5KPn
20261027,Cakrajiya Utama,Direktorat Jenderal ABC,Tidak Terpenuhi,0,0,Tidak Lulus,cakrajiya.utama38,TrtmII
20262021,Yulia Laksita,Direktorat Jenderal JKL,Tidak Terpenuhi,0,0,Tidak Lulus,yulia.laksita30,XHB1gr
20261332,Putu Kusumo,Sekretariat Jenderal,Terpenuhi,94,58,Tidak Lulus,putu.kusumo76,GiptCv
20262268,Rika Purwanti,Direktorat Jenderal DEF,Terpenuhi,89,71,Tidak Lulus,rika.purwanti71,qN27sI
20261084,Jaka Mangunsong,Sekretariat Jenderal,Terpenuhi,64,0,Tidak Lulus,jaka.mangunsong52,qCebi7
20262411,Aisyah Fujiati,Sekretariat Jenderal,Terpenuhi,79,78,Lulus,aisyah.fujiati76,YVzBz7
20262200,Hamima Yulianti,Direktorat Jenderal ABC,Terpenuhi,92,60,Tidak Lulus,hamima.yulianti60,U7WbCM
20262220,Vanya Pertiwi,Direktorat Jenderal ABC,Terpenuhi,79,58,Tidak Lulus,vanya.pertiwi80,1BEfIg
20262040,Eka Hartati,Direktorat Jenderal DEF,Tidak Terpenuhi,0,0,Tidak Lulus,eka.hartati20,TSoEYv
20262088,Lala Yolanda,Badan Pendidikan dan Pelatihan,Terpenuhi,72,0,Tidak Lulus,lala.yolanda83,F6TSj1
20262129,Usyi Uyainah,Direktorat Jenderal GHI,Terpenuhi,58,0,Tidak Lulus,usyi.uyainah49,7IhOmq
20261331,Kala Megantara,Direktorat Jenderal DEF,Terpenuhi,92,51,Tidak Lulus,kala.megantara84,oAcIrm
20262316,Shania Astuti,Direktorat Jenderal JKL,Terpenuhi,100,52,Tidak Lulus,shania.astuti22,zeVX8D
20262367,Tina Nasyiah,Direktorat Jenderal GHI,Terpenuhi,79,81,Lulus,tina.nasyiah80,glwc9p
20262272,Lili Yolanda,Direktorat Jenderal DEF,Terpenuhi,77,50,Tidak Lulus,lili.yolanda57,w9cX9e
20262019,Oliva Kuswandari,Direktorat Jenderal JKL,Tidak Terpenuhi,0,0,Tidak Lulus,oliva.kuswandari88,MhaXam
20262182,Yessi Mardhiyah,Badan Pendidikan dan Pelatihan,Terpenuhi,76,56,Tidak Lulus,yessi.mardhiyah51,sAnnEO
20261122,Dagel Dongoran,Direktorat Jenderal ABC,Terpenuhi,58,0,Tidak Lulus,dagel.dongoran54,8nDxpH
20262469,Salimah Namaga,Badan Pendidikan dan Pelatihan,Terpenuhi,93,91,Lulus,salimah.namaga81,rV9VA4
20261334,Galih Thamrin,Direktorat Jenderal ABC,Terpenuhi,84,57,Tidak Lulus,galih.thamrin51,NDYw2I
20261377,Cecep Kusumo,Sekretariat Jenderal,Terpenuhi,82,82,Lulus,cecep.kusumo56,IFMWih
20262148,Azalea Kusmawati,Direktorat Jenderal JKL,Terpenuhi,64,0,Tidak Lulus,azalea.kusmawati52,QMwye7
20262051,Violet Pratiwi,Inspektorat Jenderal,Terpenuhi,52,0,Tidak Lulus,violet.pratiwi19,j7BPs7
20261106,Gandi Sihombing,Inspektorat Jenderal,Terpenuhi,53,0,Tidak Lulus,gandi.sihombing34,GAODu3
20262263,Lintang Permata,Direktorat Jenderal ABC,Terpenuhi,86,60,Tidak Lulus,lintang.permata16,Fh7efA
20262056,Maimunah Fujiati,Direktorat Jenderal ABC,Terpenuhi,56,0,Tidak Lulus,maimunah.fujiati50,Plkz8d
20262299,Gina Mandasari,Direktorat Jenderal ABC,Terpenuhi,76,65,Tidak Lulus,gina.mandasari24,0AD6Nd
20261448,Mahmud Irawan,Direktorat Jenderal DEF,Terpenuhi,92,79,Lulus,mahmud.irawan23,cZCq7w
20262383,Hafshah Laksita,Sekretariat Jenderal,Terpenuhi,99,83,Lulus,hafshah.laksita10,PTcDU8
20262169,Hana Rahimah,Direktorat Jenderal DEF,Terpenuhi,81,58,Tidak Lulus,hana.rahimah77,ba9ePV
20261397,Heryanto Gunawan,Inspektorat Jenderal,Terpenuhi,98,78,Lulus,heryanto.gunawan76,6LuG3p
20262490,Fitria Palastri,Direktorat Jenderal ABC,Terpenuhi,100,94,Lulus,fitria.palastri84,zcriTG
20262007,Usyi Wulandari,Direktorat Jenderal GHI,Tidak Terpenuhi,0,0,Tidak Lulus,usyi.wulandari91,SWsTcO
20262358,Azalea Haryanti,Inspektorat Jenderal,Terpenuhi,96,97,Lulus,azalea.haryanti23,AXdjUb
20262443,Zulaikha Mayasari,Inspektorat Jenderal,Terpenuhi,99,82,Lulus,zulaikha.mayasari74,TMvzBu
20262275,Jelita Handayani,Direktorat Jenderal DEF,Terpenuhi,78,62,Tidak Lulus,jelita.handayani13,e9fZ23
20262404,Ajeng Farida,Direktorat Jenderal JKL,Terpenuhi,87,98,Lulus,ajeng.farida71,sxb0pN
20262363,Lalita Handayani,Direktorat Jenderal GHI,Terpenuhi,91,77,Lulus,lalita.handayani64,taiiyb
20261108,Margana Suwarno,Inspektorat Jenderal,Terpenuhi,74,0,Tidak Lulus,margana.suwarno98,65QTlJ
20261476,Paiman Utama,Direktorat Jenderal JKL,Terpenuhi,80,87,Lulus,paiman.utama59,MTBxXD
20261215,Arta Pradana,Sekretariat Jenderal,Terpenuhi,95,69,Tidak Lulus,arta.pradana42,DnwV1B
20261313,Prabowo Prasasta,Inspektorat Jenderal,Terpenuhi,91,66,Tidak Lulus,prabowo.prasasta71,QuMpzk
20261362,Paiman Prasetya,Direktorat Jenderal GHI,Terpenuhi,97,100,Lulus,paiman.prasetya99,CDdLPi
20262207,Gabriella Safitri,Direktorat Jenderal JKL,Terpenuhi,95,64,Tidak Lulus,gabriella.safitri29,z49XuG
20262444,Qori Hassanah,Badan Pendidikan dan Pelatihan,Terpenuhi,100,79,Lulus,qori.hassanah72,r3Qh9O
20262015,Ellis Yulianti,Inspektorat Jenderal,Tidak Terpenuhi,0,0,Tidak Lulus,ellis.yulianti40,6giQSw
20262138,Rini Andriani,Direktorat Jenderal GHI,Terpenuhi,63,0,Tidak Lulus,rini.andriani73,AAuAo8
20262366,Vanesa Safitri,Sekretariat Jenderal,Terpenuhi,79,79,Lulus,vanesa.safitri96,DzokcZ
20261449,Banawi Najmudin,Inspektorat Jenderal,Terpenuhi,97,77,Lulus,banawi.najmudin34,xWFxzJ
20261047,Gading Sihombing,Sekretariat Jenderal,Tidak Terpenuhi,0,0,Tidak Lulus,gading.sihombing63,kEwNrt
20261493,Kenzie Gunawan,Inspektorat Jenderal,Terpenuhi,76,79,Lulus,kenzie.gunawan12,6oxaJy
20262008,Maria Mardhiyah,Badan Pendidikan dan Pelatihan,Tidak Terpenuhi,0,0,Tidak Lulus,maria.mardhiyah25,HhksBN
20261156,Laswi Rajata,Direktorat Jenderal GHI,Terpenuhi,84,63,Tidak Lulus,laswi.rajata53,h94Gcu
20261258,Nasim Adriansyah,Sekretariat Jenderal,Terpenuhi,97,57,Tidak Lulus,nasim.adriansyah35,Kp1lkN
20262210,Jane Pratiwi,Direktorat Jenderal ABC,Terpenuhi,92,52,Tidak Lulus,jane.pratiwi36,YCFLUy
20262098,Humaira Widiastuti,Direktorat Jenderal GHI,Terpenuhi,69,0,Tidak Lulus,humaira.widiastuti95,MxdIBf
20262454,Ira Wastuti,Direktorat Jenderal JKL,Terpenuhi,78,85,Lulus,ira.wastuti16,RkhOJm
20261100,Tasnim Prasetya,Direktorat Jenderal ABC,Terpenuhi,74,0,Tidak Lulus,tasnim.prasetya70,hwj0Wy
20261218,Ajiman Saragih,Inspektorat Jenderal,Terpenuhi,78,64,Tidak Lulus,ajiman.saragih52,wPyxeP
20261424,Wasis Prakasa,Direktorat Jenderal ABC,Terpenuhi,89,89,Lulus,wasis.prakasa21,KRsTfa
20261353,Jais Prakasa,Badan Pendidikan dan Pelatihan,Terpenuhi,81,90,Lulus,jais.prakasa48,OuIi1g
20262425,Paramita Mandasari,Direktorat Jenderal ABC,Terpenuhi,81,78,Lulus,paramita.mandasari67,VNHzOK
20261321,Rendy Budiman,Badan Pendidikan dan Pelatihan,Terpenuhi,77,63,Tidak Lulus,rendy.budiman37,viDqG5
20262107,Ilsa Fujiati,Direktorat Jenderal ABC,Terpenuhi,64,0,Tidak Lulus,ilsa.fujiati39,BQDtLy
20262057,Latika Nurdiyanti,Direktorat Jenderal ABC,Terpenuhi,66,0,Tidak Lulus,latika.nurdiyanti67,zGcbwx
20262076,Rika Prastuti,Badan Pendidikan dan Pelatihan,Terpenuhi,53,0,Tidak Lulus,rika.prastuti41,iO9zNC
20261418,Tirtayasa Hidayat,Direktorat Jenderal ABC,Terpenuhi,100,79,Lulus,tirtayasa.hidayat79,K3fPS8
20262349,Chelsea Rahimah,Direktorat Jenderal GHI,Terpenuhi,78,52,Tidak Lulus,chelsea.rahimah63,qjMzf0
20261110,Gada Saefullah,Direktorat Jenderal GHI,Terpenuhi,70,0,Tidak Lulus,gada.saefullah13,qv96Bx
20262369,Eli Fujiati,Direktorat Jenderal ABC,Terpenuhi,95,99,Lulus,eli.fujiati40,gEX9z0
20262491,Fitriani Maryati,Direktorat Jenderal DEF,Terpenuhi,90,92,Lulus,fitriani.maryati84,KfPsTq
20262213,Padma Aryani,Direktorat Jenderal JKL,Terpenuhi,95,51,Tidak Lulus,padma.aryani83,fNhhU4
20262105,Kani Yuliarti,Sekretariat Jenderal,Terpenuhi,65,0,Tidak Lulus,kani.yuliarti58,VeOfsj
20261445,Danu Sihotang,Sekretariat Jenderal,Terpenuhi,94,99,Lulus,danu.sihotang56,MqkL8M
20262132,Maya Fujiati,Direktorat Jenderal GHI,Terpenuhi,54,0,Tidak Lulus,maya.fujiati32,2cTkfN
20262043,Padma Hasanah,Direktorat Jenderal JKL,Tidak Terpenuhi,0,0,Tidak Lulus,padma.hasanah63,QAlDwW
20261447,Eka Nugroho,Inspektorat Jenderal,Terpenuhi,90,79,Lulus,eka.nugroho33,i9So6c
20262072,Devi Purwanti,Direktorat Jenderal GHI,Terpenuhi,57,0,Tidak Lulus,devi.purwanti57,vpF6Rv
20261328,Lasmono Mahendra,Sekretariat Jenderal,Terpenuhi,99,62,Tidak Lulus,lasmono.mahendra42,KDeSV1
20262227,Ani Kuswandari,Sekretariat Jenderal,Terpenuhi,99,56,Tidak Lulus,ani.kuswandari76,pwHsFN
20262365,Dina Rahimah,Inspektorat Jenderal,Terpenuhi,99,86,Lulus,dina.rahimah57,f2IrRN
20261253,Galih Saragih,Direktorat Jenderal DEF,Terpenuhi,92,73,Tidak Lulus,galih.saragih41,2DYAyR
20262137,Jane Puspasari,Sekretariat Jenderal,Terpenuhi,73,0,Tidak Lulus,jane.puspasari84,lrnRDY
20262006,Yani Permata,Direktorat Jenderal JKL,Tidak Terpenuhi,0,0,Tidak Lulus,yani.permata28,Jbh4dM
20262033,Cinthia Wulandari,Direktorat Jenderal DEF,Tidak Terpenuhi,0,0,Tidak Lulus,cinthia.wulandari11,O20vLw
20261179,Balapati Uwais,Direktorat Jenderal JKL,Terpenuhi,83,61,Tidak Lulus,balapati.uwais24,C9hW5Z
20262231,Salwa Anggraini,Inspektorat Jenderal,Terpenuhi,85,65,Tidak Lulus,salwa.anggraini24,xMMmuF
20261245,Raden Pangestu,Direktorat Jenderal GHI,Terpenuhi,81,71,Tidak Lulus,raden.pangestu89,PbaGQg
20262293,Yunita Wijayanti,Direktorat Jenderal ABC,Terpenuhi,87,72,Tidak Lulus,yunita.wijayanti20,GiU0Y1
20262030,Talia Susanti,Direktorat Jenderal GHI,Tidak Terpenuhi,0,0,Tidak Lulus,talia.susanti12,DJEG9l
20262319,Victoria Nasyidah,Badan Pendidikan dan Pelatihan,Terpenuhi,83,67,Tidak Lulus,victoria.nasyidah99,HeDirl
20262176,Almira Permata,Direktorat Jenderal ABC,Terpenuhi,91,52,Tidak Lulus,almira.permata86,myPbwD
20262251,Dewi Melani,Direktorat Jenderal JKL,Terpenuhi,77,56,Tidak Lulus,dewi.melani10,YBARAA
20262496,Sabrina Yuliarti,Badan Pendidikan dan Pelatihan,Terpenuhi,84,83,Lulus,sabrina.yuliarti49,GjxInY
20261191,Purwa Wibisono,Sekretariat Jenderal,Terpenuhi,80,67,Tidak Lulus,purwa.wibisono61,56L0eh
20262216,Vera Yulianti,Direktorat Jenderal ABC,Terpenuhi,89,54,Tidak Lulus,vera.yulianti91,MuJwXw
20261273,Luthfi Mansur,Direktorat Jenderal ABC,Terpenuhi,84,53,Tidak Lulus,luthfi.mansur84,eG8y8p
20262018,Alika Suartini,Sekretariat Jenderal,Tidak Terpenuhi,0,0,Tidak Lulus,alika.suartini14,BdfFG6
20262373,Nadine Lailasari,Direktorat Jenderal JKL,Terpenuhi,80,87,Lulus,nadine.lailasari22,bJwU20
20262003,Eka Uyainah,Inspektorat Jenderal,Tidak Terpenuhi,0,0,Tidak Lulus,eka.uyainah47,FMmWJp
20262097,Vicky Puspita,Sekretariat Jenderal,Terpenuhi,52,0,Tidak Lulus,vicky.puspita75,M1Gxl1
20261071,Asirwada Haryanto,Badan Pendidikan dan Pelatihan,Terpenuhi,67,0,Tidak Lulus,asirwada.haryanto32,kqW5yV
20261177,Paiman Simanjuntak,Inspektorat Jenderal,Terpenuhi,85,57,Tidak Lulus,paiman.simanjuntak13,F7RMP9
20262211,Kartika Astuti,Direktorat Jenderal JKL,Terpenuhi,83,57,Tidak Lulus,kartika.astuti46,NIWOZs
20262011,Yuni Suartini,Direktorat Jenderal DEF,Tidak Terpenuhi,0,0,Tidak Lulus,yuni.suartini55,yBi3Fx
20262462,Natalia Winarsih,Direktorat Jenderal DEF,Terpenuhi,92,89,Lulus,natalia.winarsih92,RBfnLP
20262151,Bella Safitri,Direktorat Jenderal ABC,Terpenuhi,97,63,Tidak Lulus,bella.safitri42,riBieU
20261379,Dadap Anggriawan,Direktorat Jenderal DEF,Terpenuhi,79,95,Lulus,dadap.anggriawan73,Lz2qGY
20261091,Wage Nainggolan,Sekretariat Jenderal,Terpenuhi,58,0,Tidak Lulus,wage.nainggolan60,UBVOBs
20261261,Kurnia Saptono,Badan Pendidikan dan Pelatihan,Terpenuhi,76,71,Tidak Lulus,kurnia.saptono46,6SslWt
20262193,Ina Purnawati,Badan Pendidikan dan Pelatihan,Terpenuhi,97,54,Tidak Lulus,ina.purnawati64,b5OCK6
20261234,Jatmiko Sirait,Inspektorat Jenderal,Terpenuhi,87,53,Tidak Lulus,jatmiko.sirait32,RsTJD0
20262188,Irma Suryatmi,Direktorat Jenderal DEF,Terpenuhi,93,53,Tidak Lulus,irma.suryatmi62,1FV7Zs
20261500,Martaka Megantara,Direktorat Jenderal JKL,Terpenuhi,91,86,Lulus,martaka.megantara72,4Db2fH
20261330,Pangestu Mansur,Direktorat Jenderal ABC,Terpenuhi,78,52,Tidak Lulus,pangestu.mansur80,6L4Ye1
20262497,Nadia Utami,Direktorat Jenderal DEF,Terpenuhi,80,89,Lulus,nadia.utami54,83MWsU
20262337,Violet Oktaviani,Direktorat Jenderal DEF,Terpenuhi,96,53,Tidak Lulus,violet.oktaviani52,YB57b5
20262288,Novi Winarsih,Direktorat Jenderal GHI,Terpenuhi,97,70,Tidak Lulus,novi.winarsih10,nkifp4
20262386,Dina Hartati,Direktorat Jenderal ABC,Terpenuhi,85,100,Lulus,dina.hartati94,R4B0WK
20262093,Ulva Zulaika,Sekretariat Jenderal,Terpenuhi,56,0,Tidak Lulus,ulva.zulaika45,aPxveH
20262421,Kani Oktaviani,Sekretariat Jenderal,Terpenuhi,88,78,Lulus,kani.oktaviani37,WrEGhK
20261186,Caket Prasetya,Direktorat Jenderal ABC,Terpenuhi,93,54,Tidak Lulus,caket.prasetya42,VRdV9R
20262045,Violet Nuraini,Direktorat Jenderal JKL,Tidak Terpenuhi,0,0,Tidak Lulus,violet.nuraini75,b6CPYG
20262239,Karen Fujiati,Sekretariat Jenderal,Terpenuhi,80,63,Tidak Lulus,karen.fujiati60,HgW76I
20261489,Jumari Nugroho,Direktorat Jenderal GHI,Terpenuhi,81,93,Lulus,jumari.nugroho58,4svaig
20262197,Putri Laksmiwati,Direktorat Jenderal JKL,Terpenuhi,96,60,Tidak Lulus,putri.laksmiwati83,kLAUK1
20262438,Patricia Kusmawati,Badan Pendidikan dan Pelatihan,Terpenuhi,95,84,Lulus,patricia.kusmawati15,Xi0qjU
20261159,Martani Gunarto,Inspektorat Jenderal,Terpenuhi,95,58,Tidak Lulus,martani.gunarto83,yuu8Hi
20261131,Endra Kuswoyo,Direktorat Jenderal JKL,Terpenuhi,51,0,Tidak Lulus,endra.kuswoyo23,WCTuoh
20261420,Cawuk Saputra,Badan Pendidikan dan Pelatihan,Terpenuhi,97,81,Lulus,cawuk.saputra14,vLGQmm
20262235,Winda Purnawati,Badan Pendidikan dan Pelatihan,Terpenuhi,90,51,Tidak Lulus,winda.purnawati69,aHhmLy
20261311,Asmadi Situmorang,Inspektorat Jenderal,Terpenuhi,78,71,Tidak Lulus,asmadi.situmorang63,JRuapR
20262161,Iriana Rahimah,Direktorat Jenderal ABC,Terpenuhi,79,71,Tidak Lulus,iriana.rahimah66,ugyvSc
20262350,Ana Winarsih,Direktorat Jenderal JKL,Terpenuhi,89,63,Tidak Lulus,ana.winarsih43,8oOwpL
20262155,Ilsa Suryatmi,Sekretariat Jenderal,Terpenuhi,76,68,Tidak Lulus,ilsa.suryatmi38,XGI963
20261202,Tedi Manullang,Direktorat Jenderal DEF,Terpenuhi,80,50,Tidak Lulus,tedi.manullang63,S04nrT
20261064,Agus Hutagalung,Direktorat Jenderal ABC,Terpenuhi,57,0,Tidak Lulus,agus.hutagalung69,R0oErz
20261119,Lanang Mangunsong,Direktorat Jenderal JKL,Terpenuhi,72,0,Tidak Lulus,lanang.mangunsong72,1nqzrP
20261475,Bahuraksa Natsir,Badan Pendidikan dan Pelatihan,Terpenuhi,89,85,Lulus,bahuraksa.natsir91,ezfDFr
20262473,Iriana Kusmawati,Direktorat Jenderal GHI,Terpenuhi,100,76,Lulus,iriana.kusmawati39,EUTAop
20261266,Candrakanta Wibowo,Direktorat Jenderal DEF,Terpenuhi,97,72,Tidak Lulus,candrakanta.wibowo14,ZM6AuP
20262484,Siska Widiastuti,Direktorat Jenderal GHI,Terpenuhi,100,96,Lulus,siska.widiastuti68,qdEgxV
20262149,Eka Riyanti,Direktorat Jenderal ABC,Terpenuhi,72,0,Tidak Lulus,eka.riyanti19,Vktrjf
20261487,Nalar Wahyudin,Direktorat Jenderal JKL,Terpenuhi,90,91,Lulus,nalar.wahyudin80,AwJIH5
20262209,Dian Purnawati,Direktorat Jenderal ABC,Terpenuhi,82,51,Tidak Lulus,dian.purnawati91,PWTu2z
20262241,Gilda Astuti,Direktorat Jenderal DEF,Terpenuhi,91,54,Tidak Lulus,gilda.astuti60,GiqdrV
20262214,Icha Nasyiah,Direktorat Jenderal JKL,Terpenuhi,100,63,Tidak Lulus,icha.nasyiah56,BsA0ZU
20261242,Harjaya Santoso,Direktorat Jenderal ABC,Terpenuhi,97,67,Tidak Lulus,harjaya.santoso39,VCdPFJ
20261204,Irwan Lazuardi,Direktorat Jenderal JKL,Terpenuhi,95,71,Tidak Lulus,irwan.lazuardi33,BZR7yq
20261060,Anggabaya Iswahyudi,Direktorat Jenderal DEF,Terpenuhi,52,0,Tidak Lulus,anggabaya.iswahyudi12,dLVLaF
20261391,Danu Tarihoran,Badan Pendidikan dan Pelatihan,Terpenuhi,78,97,Lulus,danu.tarihoran82,RC5UFR
20262427,Gabriella Pratiwi,Direktorat Jenderal ABC,Terpenuhi,81,86,Lulus,gabriella.pratiwi67,TCw9Fl
