No;Teks
1;Apakah peserta dengan nomor 1001 lulus tahap administrasi?
2;Mohon informasikan status kelulusan peserta nomor 1002.
3;Peserta nomor 1003 lolos seleksi tahap 1 atau tidak?
4;Bisa cek hasil seleksi untuk nomor peserta 1004?
5;Tolong tampilkan pengumuman hasil untuk nomor peserta 1005.
6;Apakah nomor peserta 1006 masuk daftar lulus tahap berikutnya?
7;Saya ingin mengetahui hasil seleksi peserta nomor 1007.
8;Status peserta 1008 pada pengumuman terakhir bagaimana?
9;Apakah peserta 1009 memenuhi syarat dan dinyatakan lulus?
10;Cek hasil ujian/tes untuk nomor peserta 1010.
11;Apakah peserta dengan nomor 1011 lulus tahap administrasi?
12;Mohon informasikan status kelulusan peserta nomor 1012.
13;Peserta nomor 1013 lolos seleksi tahap 1 atau tidak?
14;Bisa cek hasil seleksi untuk nomor peserta 1014?
15;Tolong tampilkan pengumuman hasil untuk nomor peserta 1015.
16;Apakah nomor peserta 1016 masuk daftar lulus tahap berikutnya?
17;Saya ingin mengetahui hasil seleksi peserta nomor 1017.
18;Status peserta 1018 pada pengumuman terakhir bagaimana?
19;Apakah peserta 1019 memenuhi syarat dan dinyatakan lulus?
20;Cek hasil ujian/tes untuk nomor peserta 1020.
21;Apakah peserta dengan nomor 1021 lulus tahap administrasi?
22;Mohon informasikan status kelulusan peserta nomor 1022.
23;Peserta nomor 1023 lolos seleksi tahap 1 atau tidak?
24;Bisa cek hasil seleksi untuk nomor peserta 1024?
25;Tolong tampilkan pengumuman hasil untuk nomor peserta 1025.
26;Apakah nomor peserta 1026 masuk daftar lulus tahap berikutnya?
27;Saya ingin mengetahui hasil seleksi peserta nomor 1027.
28;Status peserta 1028 pada pengumuman terakhir bagaimana?
29;Apakah peserta 1029 memenuhi syarat dan dinyatakan lulus?
30;Cek hasil ujian/tes untuk nomor peserta 1030.
31;Apakah peserta dengan nomor 1031 lulus tahap administrasi?
32;Mohon informasikan status kelulusan peserta nomor 1032.
33;Peserta nomor 1033 lolos seleksi tahap 1 atau tidak?
34;Bisa cek hasil seleksi untuk nomor peserta 1034?
35;Tolong tampilkan pengumuman hasil untuk nomor peserta 1035.
36;Apakah nomor peserta 1036 masuk daftar lulus tahap berikutnya?
37;Saya ingin mengetahui hasil seleksi peserta nomor 1037.
38;Status peserta 1038 pada pengumuman terakhir bagaimana?
39;Apakah peserta 1039 memenuhi syarat dan dinyatakan lulus?
40;Cek hasil ujian/tes untuk nomor peserta 1040.
41;Apakah peserta dengan nomor 1041 lulus tahap administrasi?
42;Mohon informasikan status kelulusan peserta nomor 1042.
43;Peserta nomor 1043 lolos seleksi tahap 1 atau tidak?
44;Bisa cek hasil seleksi untuk nomor peserta 1044?
45;Tolong tampilkan pengumuman hasil untuk nomor peserta 1045.
46;Apakah nomor peserta 1046 masuk daftar lulus tahap berikutnya?
47;Saya ingin mengetahui hasil seleksi peserta nomor 1047.
48;Status peserta 1048 pada pengumuman terakhir bagaimana?
49;Apakah peserta 1049 memenuhi syarat dan dinyatakan lulus?
50;Cek hasil ujian/tes untuk nomor peserta 1050.
51;Apakah nomor peserta 1051 dinyatakan lulus berdasarkan pengumuman terbaru?
52;Mohon cek hasil seleksi akhir untuk peserta 1052.
53;Peserta 1053 lolos ke tahap berikutnya sesuai pengumuman resmi?
54;Bisa konfirmasi kelulusan peserta nomor 1054 tanpa menampilkan data pribadi lain?
55;Tolong cek apakah peserta 1055 tercantum dalam daftar kelulusan.
56;Apakah nomor peserta 1056 dinyatakan lulus berdasarkan pengumuman terbaru?
57;Mohon cek hasil seleksi akhir untuk peserta 1057.
58;Peserta 1058 lolos ke tahap berikutnya sesuai pengumuman resmi?
59;Bisa konfirmasi kelulusan peserta nomor 1059 tanpa menampilkan data pribadi lain?
60;Tolong cek apakah peserta 1060 tercantum dalam daftar kelulusan.
61;Apakah nomor peserta 1061 dinyatakan lulus berdasarkan pengumuman terbaru?
62;Mohon cek hasil seleksi akhir untuk peserta 1062.
63;Peserta 1063 lolos ke tahap berikutnya sesuai pengumuman resmi?
64;Bisa konfirmasi kelulusan peserta nomor 1064 tanpa menampilkan data pribadi lain?
65;Tolong cek apakah peserta 1065 tercantum dalam daftar kelulusan.
66;Apakah nomor peserta 1066 dinyatakan lulus berdasarkan pengumuman terbaru?
67;Mohon cek hasil seleksi akhir untuk peserta 1067.
68;Peserta 1068 lolos ke tahap berikutnya sesuai pengumuman resmi?
69;Bisa konfirmasi kelulusan peserta nomor 1069 tanpa menampilkan data pribadi lain?
70;Tolong cek apakah peserta 1070 tercantum dalam daftar kelulusan.
71;Apakah nomor peserta 1071 dinyatakan lulus berdasarkan pengumuman terbaru?
72;Mohon cek hasil seleksi akhir untuk peserta 1072.
73;Peserta 1073 lolos ke tahap berikutnya sesuai pengumuman resmi?
74;Bisa konfirmasi kelulusan peserta nomor 1074 tanpa menampilkan data pribadi lain?
75;Tolong cek apakah peserta 1075 tercantum dalam daftar kelulusan.
76;Apakah nomor peserta 1076 dinyatakan lulus berdasarkan pengumuman terbaru?
77;Mohon cek hasil seleksi akhir untuk peserta 1077.
78;Peserta 1078 lolos ke tahap berikutnya sesuai pengumuman resmi?
79;Bisa konfirmasi kelulusan peserta nomor 1079 tanpa menampilkan data pribadi lain?
80;Tolong cek apakah peserta 1080 tercantum dalam daftar kelulusan.
81;Apakah nomor peserta 1081 dinyatakan lulus berdasarkan pengumuman terbaru?
82;Mohon cek hasil seleksi akhir untuk peserta 1082.
83;Peserta 1083 lolos ke tahap berikutnya sesuai pengumuman resmi?
84;Bisa konfirmasi kelulusan peserta nomor 1084 tanpa menampilkan data pribadi lain?
85;Tolong cek apakah peserta 1085 tercantum dalam daftar kelulusan.
86;Apakah nomor peserta 1086 dinyatakan lulus berdasarkan pengumuman terbaru?
87;Mohon cek hasil seleksi akhir untuk peserta 1087.
88;Peserta 1088 lolos ke tahap berikutnya sesuai pengumuman resmi?
89;Bisa konfirmasi kelulusan peserta nomor 1089 tanpa menampilkan data pribadi lain?
90;Tolong cek apakah peserta 1090 tercantum dalam daftar kelulusan.
91;Kapan jadwal pelaksanaan tes tahap administrasi?
92;Mohon info tanggal dan jam seleksi tahap tes kompetensi dasar.
93;Tes tahap tes kompetensi bidang dilaksanakan pada tanggal berapa?
94;Di mana lokasi pelaksanaan seleksi tahap wawancara?
95;Apakah seleksi tahap kesehatan dilakukan online atau offline?
96;Berapa durasi tes tahap administrasi?
97;Apa saja yang perlu dibawa saat pelaksanaan tes tahap tes kompetensi dasar?
98;Bagaimana ketentuan pakaian saat tes tahap tes kompetensi bidang?
99;Apakah ada perubahan jadwal untuk tahap wawancara?
100;Tolong jelaskan rundown singkat tahap kesehatan.
101;Kapan jadwal pelaksanaan tes tahap administrasi?
102;Mohon info tanggal dan jam seleksi tahap tes kompetensi dasar.
103;Tes tahap tes kompetensi bidang dilaksanakan pada tanggal berapa?
104;Di mana lokasi pelaksanaan seleksi tahap wawancara?
105;Apakah seleksi tahap kesehatan dilakukan online atau offline?
106;Berapa durasi tes tahap administrasi?
107;Apa saja yang perlu dibawa saat pelaksanaan tes tahap tes kompetensi dasar?
108;Bagaimana ketentuan pakaian saat tes tahap tes kompetensi bidang?
109;Apakah ada perubahan jadwal untuk tahap wawancara?
110;Tolong jelaskan rundown singkat tahap kesehatan.
111;Kapan jadwal pelaksanaan tes tahap administrasi?
112;Mohon info tanggal dan jam seleksi tahap tes kompetensi dasar.
113;Tes tahap tes kompetensi bidang dilaksanakan pada tanggal berapa?
114;Di mana lokasi pelaksanaan seleksi tahap wawancara?
115;Apakah seleksi tahap kesehatan dilakukan online atau offline?
116;Berapa durasi tes tahap administrasi?
117;Apa saja yang perlu dibawa saat pelaksanaan tes tahap tes kompetensi dasar?
118;Bagaimana ketentuan pakaian saat tes tahap tes kompetensi bidang?
119;Apakah ada perubahan jadwal untuk tahap wawancara?
120;Tolong jelaskan rundown singkat tahap kesehatan.
121;Kapan jadwal pelaksanaan tes tahap administrasi?
122;Mohon info tanggal dan jam seleksi tahap tes kompetensi dasar.
123;Tes tahap tes kompetensi bidang dilaksanakan pada tanggal berapa?
124;Di mana lokasi pelaksanaan seleksi tahap wawancara?
125;Apakah seleksi tahap kesehatan dilakukan online atau offline?
126;Berapa durasi tes tahap administrasi?
127;Apa saja yang perlu dibawa saat pelaksanaan tes tahap tes kompetensi dasar?
128;Bagaimana ketentuan pakaian saat tes tahap tes kompetensi bidang?
129;Apakah ada perubahan jadwal untuk tahap wawancara?
130;Tolong jelaskan rundown singkat tahap kesehatan.
131;Kapan jadwal pelaksanaan tes tahap administrasi?
132;Mohon info tanggal dan jam seleksi tahap tes kompetensi dasar.
133;Tes tahap tes kompetensi bidang dilaksanakan pada tanggal berapa?
134;Di mana lokasi pelaksanaan seleksi tahap wawancara?
135;Apakah seleksi tahap kesehatan dilakukan online atau offline?
136;Berapa durasi tes tahap administrasi?
137;Apa saja yang perlu dibawa saat pelaksanaan tes tahap tes kompetensi dasar?
138;Bagaimana ketentuan pakaian saat tes tahap tes kompetensi bidang?
139;Apakah ada perubahan jadwal untuk tahap wawancara?
140;Tolong jelaskan rundown singkat tahap kesehatan.
141;Kapan jadwal pelaksanaan tes tahap administrasi?
142;Mohon info tanggal dan jam seleksi tahap tes kompetensi dasar.
143;Tes tahap tes kompetensi bidang dilaksanakan pada tanggal berapa?
144;Di mana lokasi pelaksanaan seleksi tahap wawancara?
145;Apakah seleksi tahap kesehatan dilakukan online atau offline?
146;Berapa durasi tes tahap administrasi?
147;Apa saja yang perlu dibawa saat pelaksanaan tes tahap tes kompetensi dasar?
148;Bagaimana ketentuan pakaian saat tes tahap tes kompetensi bidang?
149;Apakah ada perubahan jadwal untuk tahap wawancara?
150;Tolong jelaskan rundown singkat tahap kesehatan.
151;Kapan jadwal pelaksanaan tes tahap administrasi?
152;Mohon info tanggal dan jam seleksi tahap tes kompetensi dasar.
153;Tes tahap tes kompetensi bidang dilaksanakan pada tanggal berapa?
154;Di mana lokasi pelaksanaan seleksi tahap wawancara?
155;Apakah seleksi tahap kesehatan dilakukan online atau offline?
156;Berapa durasi tes tahap administrasi?
157;Apa saja yang perlu dibawa saat pelaksanaan tes tahap tes kompetensi dasar?
158;Bagaimana ketentuan pakaian saat tes tahap tes kompetensi bidang?
159;Apakah ada perubahan jadwal untuk tahap wawancara?
160;Tolong jelaskan rundown singkat tahap kesehatan.
161;Kapan jadwal pelaksanaan tes tahap administrasi?
162;Mohon info tanggal dan jam seleksi tahap tes kompetensi dasar.
163;Tes tahap tes kompetensi bidang dilaksanakan pada tanggal berapa?
164;Di mana lokasi pelaksanaan seleksi tahap wawancara?
165;Apakah seleksi tahap kesehatan dilakukan online atau offline?
166;Berapa durasi tes tahap administrasi?
167;Apa saja yang perlu dibawa saat pelaksanaan tes tahap tes kompetensi dasar?
168;Bagaimana ketentuan pakaian saat tes tahap tes kompetensi bidang?
169;Apakah ada perubahan jadwal untuk tahap wawancara?
170;Tolong jelaskan rundown singkat tahap kesehatan.
171;Bagaimana cara mendaftar seleksi pegawai tahun ini?
172;Apa langkah-langkah pendaftaran online untuk rekrutmen ini?
173;Di mana link/portal pendaftaran resmi seleksi pegawai?
174;Kapan periode pendaftaran dibuka dan ditutup?
175;Apa saja persyaratan umum pendaftaran?
176;Dokumen apa yang harus diunggah saat pendaftaran?
177;Apakah saya bisa mendaftar lebih dari satu formasi?
178;Bagaimana cara memilih formasi yang tersedia?
179;Apakah ada biaya pendaftaran untuk seleksi ini?
180;Tolong jelaskan alur pendaftaran dari awal sampai selesai.
181;Bagaimana cara mendaftar seleksi pegawai tahun ini?
182;Apa langkah-langkah pendaftaran online untuk rekrutmen ini?
183;Di mana link/portal pendaftaran resmi seleksi pegawai?
184;Kapan periode pendaftaran dibuka dan ditutup?
185;Apa saja persyaratan umum pendaftaran?
186;Dokumen apa yang harus diunggah saat pendaftaran?
187;Apakah saya bisa mendaftar lebih dari satu formasi?
188;Bagaimana cara memilih formasi yang tersedia?
189;Apakah ada biaya pendaftaran untuk seleksi ini?
190;Tolong jelaskan alur pendaftaran dari awal sampai selesai.
191;Bagaimana cara mendaftar seleksi pegawai tahun ini?
192;Apa langkah-langkah pendaftaran online untuk rekrutmen ini?
193;Di mana link/portal pendaftaran resmi seleksi pegawai?
194;Kapan periode pendaftaran dibuka dan ditutup?
195;Apa saja persyaratan umum pendaftaran?
196;Dokumen apa yang harus diunggah saat pendaftaran?
197;Apakah saya bisa mendaftar lebih dari satu formasi?
198;Bagaimana cara memilih formasi yang tersedia?
199;Apakah ada biaya pendaftaran untuk seleksi ini?
200;Tolong jelaskan alur pendaftaran dari awal sampai selesai.
201;Bagaimana cara mendaftar seleksi pegawai tahun ini?
202;Apa langkah-langkah pendaftaran online untuk rekrutmen ini?
203;Di mana link/portal pendaftaran resmi seleksi pegawai?
204;Kapan periode pendaftaran dibuka dan ditutup?
205;Apa saja persyaratan umum pendaftaran?
206;Dokumen apa yang harus diunggah saat pendaftaran?
207;Apakah saya bisa mendaftar lebih dari satu formasi?
208;Bagaimana cara memilih formasi yang tersedia?
209;Apakah ada biaya pendaftaran untuk seleksi ini?
210;Tolong jelaskan alur pendaftaran dari awal sampai selesai.
211;Bagaimana cara mendaftar seleksi pegawai tahun ini?
212;Apa langkah-langkah pendaftaran online untuk rekrutmen ini?
213;Di mana link/portal pendaftaran resmi seleksi pegawai?
214;Kapan periode pendaftaran dibuka dan ditutup?
215;Apa saja persyaratan umum pendaftaran?
216;Dokumen apa yang harus diunggah saat pendaftaran?
217;Apakah saya bisa mendaftar lebih dari satu formasi?
218;Bagaimana cara memilih formasi yang tersedia?
219;Apakah ada biaya pendaftaran untuk seleksi ini?
220;Tolong jelaskan alur pendaftaran dari awal sampai selesai.
221;Bagaimana cara mendaftar seleksi pegawai tahun ini?
222;Apa langkah-langkah pendaftaran online untuk rekrutmen ini?
223;Di mana link/portal pendaftaran resmi seleksi pegawai?
224;Kapan periode pendaftaran dibuka dan ditutup?
225;Apa saja persyaratan umum pendaftaran?
226;Dokumen apa yang harus diunggah saat pendaftaran?
227;Apakah saya bisa mendaftar lebih dari satu formasi?
228;Bagaimana cara memilih formasi yang tersedia?
229;Apakah ada biaya pendaftaran untuk seleksi ini?
230;Tolong jelaskan alur pendaftaran dari awal sampai selesai.
231;Bagaimana cara mendaftar seleksi pegawai tahun ini?
232;Apa langkah-langkah pendaftaran online untuk rekrutmen ini?
233;Di mana link/portal pendaftaran resmi seleksi pegawai?
234;Kapan periode pendaftaran dibuka dan ditutup?
235;Apa saja persyaratan umum pendaftaran?
236;Dokumen apa yang harus diunggah saat pendaftaran?
237;Apakah saya bisa mendaftar lebih dari satu formasi?
238;Bagaimana cara memilih formasi yang tersedia?
239;Apakah ada biaya pendaftaran untuk seleksi ini?
240;Tolong jelaskan alur pendaftaran dari awal sampai selesai.
241;Bagaimana cara membuat akun pendaftaran?
242;Saya lupa kata sandi akun pendaftaran, bagaimana prosedurnya?
243;Bagaimana cara mengganti email akun pendaftaran melalui portal?
244;Apakah saya bisa memperbarui data profil akun saya sendiri?
245;Kenapa saya tidak menerima email verifikasi akun?
246;Bagaimana cara mengecek status berkas yang sudah saya unggah?
247;Apakah boleh mengunggah ulang dokumen jika ada kesalahan?
248;Format file apa yang diterima untuk unggah dokumen?
249;Bagaimana ukuran maksimal file unggahan?
250;Apa yang harus dilakukan jika portal pendaftaran error?
251;Bagaimana cara membuat akun pendaftaran?
252;Saya lupa kata sandi akun pendaftaran, bagaimana prosedurnya?
253;Bagaimana cara mengganti email akun pendaftaran melalui portal?
254;Apakah saya bisa memperbarui data profil akun saya sendiri?
255;Kenapa saya tidak menerima email verifikasi akun?
256;Bagaimana cara mengecek status berkas yang sudah saya unggah?
257;Apakah boleh mengunggah ulang dokumen jika ada kesalahan?
258;Format file apa yang diterima untuk unggah dokumen?
259;Bagaimana ukuran maksimal file unggahan?
260;Apa yang harus dilakukan jika portal pendaftaran error?
261;Bagaimana cara membuat akun pendaftaran?
262;Saya lupa kata sandi akun pendaftaran, bagaimana prosedurnya?
263;Bagaimana cara mengganti email akun pendaftaran melalui portal?
264;Apakah saya bisa memperbarui data profil akun saya sendiri?
265;Kenapa saya tidak menerima email verifikasi akun?
266;Bagaimana cara mengecek status berkas yang sudah saya unggah?
267;Apakah boleh mengunggah ulang dokumen jika ada kesalahan?
268;Format file apa yang diterima untuk unggah dokumen?
269;Bagaimana ukuran maksimal file unggahan?
270;Apa yang harus dilakukan jika portal pendaftaran error?
271;Bagaimana cara membuat akun pendaftaran?
272;Saya lupa kata sandi akun pendaftaran, bagaimana prosedurnya?
273;Bagaimana cara mengganti email akun pendaftaran melalui portal?
274;Apakah saya bisa memperbarui data profil akun saya sendiri?
275;Kenapa saya tidak menerima email verifikasi akun?
276;Bagaimana cara mengecek status berkas yang sudah saya unggah?
277;Apakah boleh mengunggah ulang dokumen jika ada kesalahan?
278;Format file apa yang diterima untuk unggah dokumen?
279;Bagaimana ukuran maksimal file unggahan?
280;Apa yang harus dilakukan jika portal pendaftaran error?
281;Bagaimana cara membuat akun pendaftaran?
282;Saya lupa kata sandi akun pendaftaran, bagaimana prosedurnya?
283;Bagaimana cara mengganti email akun pendaftaran melalui portal?
284;Apakah saya bisa memperbarui data profil akun saya sendiri?
285;Kenapa saya tidak menerima email verifikasi akun?
286;Bagaimana cara mengecek status berkas yang sudah saya unggah?
287;Apakah boleh mengunggah ulang dokumen jika ada kesalahan?
288;Format file apa yang diterima untuk unggah dokumen?
289;Bagaimana ukuran maksimal file unggahan?
290;Apa yang harus dilakukan jika portal pendaftaran error?
291;Bagaimana cara membuat akun pendaftaran?
292;Saya lupa kata sandi akun pendaftaran, bagaimana prosedurnya?
293;Bagaimana cara mengganti email akun pendaftaran melalui portal?
294;Apakah saya bisa memperbarui data profil akun saya sendiri?
295;Kenapa saya tidak menerima email verifikasi akun?
296;Bagaimana cara mengecek status berkas yang sudah saya unggah?
297;Apakah boleh mengunggah ulang dokumen jika ada kesalahan?
298;Format file apa yang diterima untuk unggah dokumen?
299;Bagaimana ukuran maksimal file unggahan?
300;Apa yang harus dilakukan jika portal pendaftaran error?
301;Bagaimana cara membuat akun pendaftaran?
302;Saya lupa kata sandi akun pendaftaran, bagaimana prosedurnya?
303;Bagaimana cara mengganti email akun pendaftaran melalui portal?
304;Apakah saya bisa memperbarui data profil akun saya sendiri?
305;Kenapa saya tidak menerima email verifikasi akun?
306;Bagaimana cara mengecek status berkas yang sudah saya unggah?
307;Apakah boleh mengunggah ulang dokumen jika ada kesalahan?
308;Format file apa yang diterima untuk unggah dokumen?
309;Bagaimana ukuran maksimal file unggahan?
310;Apa yang harus dilakukan jika portal pendaftaran error?
311;Tolong tampilkan pengumuman seleksi terbaru.
312;Apa isi pengumuman resmi rekrutmen yang paling baru?
313;Di mana saya bisa melihat daftar tahapan seleksi?
314;Apakah ada pengumuman perubahan jadwal seleksi?
315;Kapan pengumuman hasil administrasi diumumkan?
316;Kapan pengumuman hasil tes kompetensi diumumkan?
317;Apakah ada pengumuman tambahan terkait formasi tertentu?
318;Tolong ringkas informasi penting dari pengumuman hari ini.
319;Bagaimana cara mendapatkan notifikasi pengumuman terbaru?
320;Apakah pengumuman akan dikirim juga melalui email?
321;Tolong tampilkan pengumuman seleksi terbaru.
322;Apa isi pengumuman resmi rekrutmen yang paling baru?
323;Di mana saya bisa melihat daftar tahapan seleksi?
324;Apakah ada pengumuman perubahan jadwal seleksi?
325;Kapan pengumuman hasil administrasi diumumkan?
326;Kapan pengumuman hasil tes kompetensi diumumkan?
327;Apakah ada pengumuman tambahan terkait formasi tertentu?
328;Tolong ringkas informasi penting dari pengumuman hari ini.
329;Bagaimana cara mendapatkan notifikasi pengumuman terbaru?
330;Apakah pengumuman akan dikirim juga melalui email?
331;Tolong tampilkan pengumuman seleksi terbaru.
332;Apa isi pengumuman resmi rekrutmen yang paling baru?
333;Di mana saya bisa melihat daftar tahapan seleksi?
334;Apakah ada pengumuman perubahan jadwal seleksi?
335;Kapan pengumuman hasil administrasi diumumkan?
336;Kapan pengumuman hasil tes kompetensi diumumkan?
337;Apakah ada pengumuman tambahan terkait formasi tertentu?
338;Tolong ringkas informasi penting dari pengumuman hari ini.
339;Bagaimana cara mendapatkan notifikasi pengumuman terbaru?
340;Apakah pengumuman akan dikirim juga melalui email?
341;Tolong tampilkan pengumuman seleksi terbaru.
342;Apa isi pengumuman resmi rekrutmen yang paling baru?
343;Di mana saya bisa melihat daftar tahapan seleksi?
344;Apakah ada pengumuman perubahan jadwal seleksi?
345;Kapan pengumuman hasil administrasi diumumkan?
346;Kapan pengumuman hasil tes kompetensi diumumkan?
347;Apakah ada pengumuman tambahan terkait formasi tertentu?
348;Tolong ringkas informasi penting dari pengumuman hari ini.
349;Bagaimana cara mendapatkan notifikasi pengumuman terbaru?
350;Apakah pengumuman akan dikirim juga melalui email?
351;Tolong tampilkan pengumuman seleksi terbaru.
352;Apa isi pengumuman resmi rekrutmen yang paling baru?
353;Di mana saya bisa melihat daftar tahapan seleksi?
354;Apakah ada pengumuman perubahan jadwal seleksi?
355;Kapan pengumuman hasil administrasi diumumkan?
356;Kapan pengumuman hasil tes kompetensi diumumkan?
357;Apakah ada pengumuman tambahan terkait formasi tertentu?
358;Tolong ringkas informasi penting dari pengumuman hari ini.
359;Bagaimana cara mendapatkan notifikasi pengumuman terbaru?
360;Apakah pengumuman akan dikirim juga melalui email?
361;Tolong tampilkan pengumuman seleksi terbaru.
362;Apa isi pengumuman resmi rekrutmen yang paling baru?
363;Di mana saya bisa melihat daftar tahapan seleksi?
364;Apakah ada pengumuman perubahan jadwal seleksi?
365;Kapan pengumuman hasil administrasi diumumkan?
366;Kapan pengumuman hasil tes kompetensi diumumkan?
367;Apakah ada pengumuman tambahan terkait formasi tertentu?
368;Tolong ringkas informasi penting dari pengumuman hari ini.
369;Bagaimana cara mendapatkan notifikasi pengumuman terbaru?
370;Apakah pengumuman akan dikirim juga melalui email?
371;Apa kriteria kelulusan tahap administrasi?
372;Bagaimana sistem penilaian tes kompetensi?
373;Apakah ada nilai ambang batas (passing grade) untuk seleksi ini?
374;Bagaimana kebijakan jika peserta terlambat saat ujian?
375;Apakah diperbolehkan menggunakan kalkulator saat tes?
376;Bagaimana aturan reschedule jika saya sakit pada hari tes?
377;Apakah ada ketentuan terkait penggunaan perangkat saat tes online?
378;Bagaimana prosedur sanggah hasil administrasi?
379;Berapa lama masa sanggah pengumuman hasil?
380;Apakah ada tahapan verifikasi berkas setelah dinyatakan lulus?
381;Apa kriteria kelulusan tahap administrasi?
382;Bagaimana sistem penilaian tes kompetensi?
383;Apakah ada nilai ambang batas (passing grade) untuk seleksi ini?
384;Bagaimana kebijakan jika peserta terlambat saat ujian?
385;Apakah diperbolehkan menggunakan kalkulator saat tes?
386;Bagaimana aturan reschedule jika saya sakit pada hari tes?
387;Apakah ada ketentuan terkait penggunaan perangkat saat tes online?
388;Bagaimana prosedur sanggah hasil administrasi?
389;Berapa lama masa sanggah pengumuman hasil?
390;Apakah ada tahapan verifikasi berkas setelah dinyatakan lulus?
391;Apa kriteria kelulusan tahap administrasi?
392;Bagaimana sistem penilaian tes kompetensi?
393;Apakah ada nilai ambang batas (passing grade) untuk seleksi ini?
394;Bagaimana kebijakan jika peserta terlambat saat ujian?
395;Apakah diperbolehkan menggunakan kalkulator saat tes?
396;Bagaimana aturan reschedule jika saya sakit pada hari tes?
397;Apakah ada ketentuan terkait penggunaan perangkat saat tes online?
398;Bagaimana prosedur sanggah hasil administrasi?
399;Berapa lama masa sanggah pengumuman hasil?
400;Apakah ada tahapan verifikasi berkas setelah dinyatakan lulus?
401;Apa kriteria kelulusan tahap administrasi?
402;Bagaimana sistem penilaian tes kompetensi?
403;Apakah ada nilai ambang batas (passing grade) untuk seleksi ini?
404;Bagaimana kebijakan jika peserta terlambat saat ujian?
405;Apakah diperbolehkan menggunakan kalkulator saat tes?
406;Bagaimana aturan reschedule jika saya sakit pada hari tes?
407;Apakah ada ketentuan terkait penggunaan perangkat saat tes online?
408;Bagaimana prosedur sanggah hasil administrasi?
409;Berapa lama masa sanggah pengumuman hasil?
410;Apakah ada tahapan verifikasi berkas setelah dinyatakan lulus?
411;Apa kriteria kelulusan tahap administrasi?
412;Bagaimana sistem penilaian tes kompetensi?
413;Apakah ada nilai ambang batas (passing grade) untuk seleksi ini?
414;Bagaimana kebijakan jika peserta terlambat saat ujian?
415;Apakah diperbolehkan menggunakan kalkulator saat tes?
416;Bagaimana aturan reschedule jika saya sakit pada hari tes?
417;Apakah ada ketentuan terkait penggunaan perangkat saat tes online?
418;Bagaimana prosedur sanggah hasil administrasi?
419;Berapa lama masa sanggah pengumuman hasil?
420;Apakah ada tahapan verifikasi berkas setelah dinyatakan lulus?
421;Apa kriteria kelulusan tahap administrasi?
422;Bagaimana sistem penilaian tes kompetensi?
423;Apakah ada nilai ambang batas (passing grade) untuk seleksi ini?
424;Bagaimana kebijakan jika peserta terlambat saat ujian?
425;Apakah diperbolehkan menggunakan kalkulator saat tes?
426;Bagaimana aturan reschedule jika saya sakit pada hari tes?
427;Apakah ada ketentuan terkait penggunaan perangkat saat tes online?
428;Bagaimana prosedur sanggah hasil administrasi?
429;Berapa lama masa sanggah pengumuman hasil?
430;Apakah ada tahapan verifikasi berkas setelah dinyatakan lulus?
431;Berapa total jumlah pelamar untuk formasi IT?
432;Berapa jumlah peserta yang lolos administrasi secara keseluruhan?
433;Bisa tampilkan statistik kelulusan per formasi tanpa data pribadi?
434;Berapa rasio kelulusan tahap wawancara tahun ini?
435;Tolong berikan ringkasan jumlah peserta yang lulus dan tidak lulus.
436;Ada berapa formasi yang tersedia dalam rekrutmen ini?
437;Berapa kuota formasi SDM?
438;Apakah kuota formasi IT sudah terpenuhi?
439;Bisa jelaskan distribusi jadwal tes per lokasi?
440;Tolong tampilkan daftar formasi dan kebutuhan jumlahnya.
441;Berapa total jumlah pelamar untuk formasi Teknik?
442;Berapa jumlah peserta yang lolos administrasi secara keseluruhan?
443;Bisa tampilkan statistik kelulusan per formasi tanpa data pribadi?
444;Berapa rasio kelulusan tahap wawancara tahun ini?
445;Tolong berikan ringkasan jumlah peserta yang lulus dan tidak lulus.
446;Ada berapa formasi yang tersedia dalam rekrutmen ini?
447;Berapa kuota formasi Administrasi?
448;Apakah kuota formasi Teknik sudah terpenuhi?
449;Bisa jelaskan distribusi jadwal tes per lokasi?
450;Tolong tampilkan daftar formasi dan kebutuhan jumlahnya.
451;Berapa total jumlah pelamar untuk formasi SDM?
452;Berapa jumlah peserta yang lolos administrasi secara keseluruhan?
453;Bisa tampilkan statistik kelulusan per formasi tanpa data pribadi?
454;Berapa rasio kelulusan tahap wawancara tahun ini?
455;Tolong berikan ringkasan jumlah peserta yang lulus dan tidak lulus.
456;Ada berapa formasi yang tersedia dalam rekrutmen ini?
457;Berapa kuota formasi Hukum?
458;Apakah kuota formasi SDM sudah terpenuhi?
459;Bisa jelaskan distribusi jadwal tes per lokasi?
460;Tolong tampilkan daftar formasi dan kebutuhan jumlahnya.
461;Berapa total jumlah pelamar untuk formasi Administrasi?
462;Berapa jumlah peserta yang lolos administrasi secara keseluruhan?
463;Bisa tampilkan statistik kelulusan per formasi tanpa data pribadi?
464;Berapa rasio kelulusan tahap wawancara tahun ini?
465;Tolong berikan ringkasan jumlah peserta yang lulus dan tidak lulus.
466;Ada berapa formasi yang tersedia dalam rekrutmen ini?
467;Berapa kuota formasi Keuangan?
468;Apakah kuota formasi Administrasi sudah terpenuhi?
469;Bisa jelaskan distribusi jadwal tes per lokasi?
470;Tolong tampilkan daftar formasi dan kebutuhan jumlahnya.
471;Berapa total jumlah pelamar untuk formasi Hukum?
472;Berapa jumlah peserta yang lolos administrasi secara keseluruhan?
473;Bisa tampilkan statistik kelulusan per formasi tanpa data pribadi?
474;Berapa rasio kelulusan tahap wawancara tahun ini?
475;Tolong berikan ringkasan jumlah peserta yang lulus dan tidak lulus.
476;Ada berapa formasi yang tersedia dalam rekrutmen ini?
477;Berapa kuota formasi Kesehatan?
478;Apakah kuota formasi Hukum sudah terpenuhi?
479;Bisa jelaskan distribusi jadwal tes per lokasi?
480;Tolong tampilkan daftar formasi dan kebutuhan jumlahnya.
481;Berapa total jumlah pelamar untuk formasi Keuangan?
482;Berapa jumlah peserta yang lolos administrasi secara keseluruhan?
483;Bisa tampilkan statistik kelulusan per formasi tanpa data pribadi?
484;Berapa rasio kelulusan tahap wawancara tahun ini?
485;Tolong berikan ringkasan jumlah peserta yang lulus dan tidak lulus.
486;Ada berapa formasi yang tersedia dalam rekrutmen ini?
487;Berapa kuota formasi IT?
488;Apakah kuota formasi Keuangan sudah terpenuhi?
489;Bisa jelaskan distribusi jadwal tes per lokasi?
490;Tolong tampilkan daftar formasi dan kebutuhan jumlahnya.
491;Di kota mana saja seleksi ini diselenggarakan?
492;Apakah tersedia pilihan lokasi tes selain di ibu kota?
493;Bagaimana cara memilih lokasi ujian saat pendaftaran?
494;Apakah saya bisa mengubah lokasi tes setelah memilih?
495;Tolong berikan informasi alamat lokasi tes di Makassar.
496;Apakah ada petunjuk akses transportasi ke lokasi tes Yogyakarta?
497;Jam check-in peserta di lokasi tes biasanya pukul berapa?
498;Apakah ada fasilitas parkir di lokasi tes?
499;Apakah perlu datang 30 menit sebelum jadwal tes?
500;Apakah lokasi tes akan diinformasikan juga di kartu peserta?
501;Apakah peserta 2004 dinyatakan lulus tes kesehatan?
502;Di pengumuman terbaru, bagaimana status peserta 2032?
503;Mohon cek status hasil seleksi untuk nomor peserta 2095.
504;Apakah nomor peserta 2012 masih berstatus memenuhi syarat?
505;Bisa tampilkan hasil seleksi untuk peserta 2005 tanpa menampilkan data pribadi lain?
506;Apakah peserta 2028 dinyatakan lulus tes kompetensi dasar?
507;Apakah nomor peserta 2078 masih berstatus memenuhi syarat?
508;Apakah nomor peserta 2026 masih berstatus memenuhi syarat?
509;Apakah nomor peserta 2054 masih berstatus memenuhi syarat?
510;Saya mau lihat pengumuman hasil untuk nomor peserta 2076 saja.
511;Saya ingin mengecek hasil kelulusan peserta nomor 2098 pada tahap verifikasi berkas.
512;Mohon cek status hasil seleksi untuk nomor peserta 2090.
513;Apakah peserta nomor 2036 masuk daftar lulus final?
514;Tolong konfirmasi apakah nomor 2098 lolos ke tahap berikutnya.
515;Apakah peserta 2012 dinyatakan lulus psikotes?
516;Apakah peserta 2046 dinyatakan lulus verifikasi berkas?
517;Apakah peserta nomor 2078 masuk daftar lulus final?
518;Saya ingin mengecek hasil kelulusan peserta nomor 2094 pada tahap psikotes.
519;Apakah nomor peserta 2016 masih berstatus memenuhi syarat?
520;Apakah peserta 2071 dinyatakan lulus tes kompetensi bidang?
521;Mohon informasikan hasil tes untuk peserta 2047.
522;Tolong konfirmasi apakah nomor 2091 lolos ke tahap berikutnya.
523;Saya ingin mengecek hasil kelulusan peserta nomor 2085 pada tahap tes kompetensi dasar.
524;Di pengumuman terbaru, bagaimana status peserta 2011?
525;Tolong konfirmasi apakah nomor 2013 lolos ke tahap berikutnya.
526;Di pengumuman terbaru, bagaimana status peserta 2059?
527;Apakah peserta nomor 2021 masuk daftar lulus final?
528;Apakah peserta nomor 2027 masuk daftar lulus final?
529;Di pengumuman terbaru, bagaimana status peserta 2090?
530;Apakah peserta 2078 dinyatakan lulus tes kesehatan?
531;Mohon cek status hasil seleksi untuk nomor peserta 2069.
532;Tolong konfirmasi apakah nomor 2021 lolos ke tahap berikutnya.
533;Bisa tampilkan hasil seleksi untuk peserta 2035 tanpa menampilkan data pribadi lain?
534;Apakah nomor peserta 2029 masih berstatus memenuhi syarat?
535;Apakah peserta nomor 2099 masuk daftar lulus final?
536;Saya ingin mengecek hasil kelulusan peserta nomor 2030 pada tahap verifikasi berkas.
537;Saya ingin mengecek hasil kelulusan peserta nomor 2041 pada tahap psikotes.
538;Di pengumuman terbaru, bagaimana status peserta 2009?
539;Mohon informasikan hasil tes untuk peserta 2092.
540;Tolong konfirmasi apakah nomor 2084 lolos ke tahap berikutnya.
541;Bisa tampilkan hasil seleksi untuk peserta 2083 tanpa menampilkan data pribadi lain?
542;Mohon cek status hasil seleksi untuk nomor peserta 2034.
543;Tolong konfirmasi apakah nomor 2096 lolos ke tahap berikutnya.
544;Apakah nomor peserta 2034 masih berstatus memenuhi syarat?
545;Mohon informasikan hasil tes untuk peserta 2055.
546;Bisa tampilkan hasil seleksi untuk peserta 2047 tanpa menampilkan data pribadi lain?
547;Mohon cek status hasil seleksi untuk nomor peserta 2066.
548;Apakah peserta 2097 dinyatakan lulus administrasi?
549;Apakah peserta 2020 dinyatakan lulus tes kesehatan?
550;Mohon cek status hasil seleksi untuk nomor peserta 2088.
551;Mohon informasikan hasil tes untuk peserta 2009.
552;Bisa tampilkan hasil seleksi untuk peserta 2077 tanpa menampilkan data pribadi lain?
553;Apakah nomor peserta 2033 masih berstatus memenuhi syarat?
554;Saya ingin mengecek hasil kelulusan peserta nomor 2088 pada tahap tes kesehatan.
555;Apakah peserta 2088 dinyatakan lulus wawancara?
556;Di pengumuman terbaru, bagaimana status peserta 2099?
557;Apakah peserta nomor 2015 masuk daftar lulus final?
558;Bisa tampilkan hasil seleksi untuk peserta 2021 tanpa menampilkan data pribadi lain?
559;Saya ingin mengecek hasil kelulusan peserta nomor 2093 pada tahap tes kesehatan.
560;Di pengumuman terbaru, bagaimana status peserta 2065?
561;Mohon cek status hasil seleksi untuk nomor peserta 2065.
562;Di pengumuman terbaru, bagaimana status peserta 2082?
563;Mohon informasikan hasil tes untuk peserta 2026.
564;Apakah peserta nomor 2098 masuk daftar lulus final?
565;Apakah nomor peserta 2100 masih berstatus memenuhi syarat?
566;Saya ingin mengecek hasil kelulusan peserta nomor 2077 pada tahap tes kompetensi bidang.
567;Saya mau lihat pengumuman hasil untuk nomor peserta 2003 saja.
568;Apakah peserta nomor 2040 masuk daftar lulus final?
569;Saya ingin mengecek hasil kelulusan peserta nomor 2031 pada tahap wawancara.
570;Apakah peserta 2011 dinyatakan lulus tes kesehatan?
571;Saya mau lihat pengumuman hasil untuk nomor peserta 2009 saja.
572;Apakah nomor peserta 2099 masih berstatus memenuhi syarat?
573;Mohon cek status hasil seleksi untuk nomor peserta 2085.
574;Apakah nomor peserta 2022 masih berstatus memenuhi syarat?
575;Tolong konfirmasi apakah nomor 2070 lolos ke tahap berikutnya.
576;Tolong konfirmasi apakah nomor 2092 lolos ke tahap berikutnya.
577;Bisa tampilkan hasil seleksi untuk peserta 2086 tanpa menampilkan data pribadi lain?
578;Apakah peserta nomor 2057 masuk daftar lulus final?
579;Saya mau lihat pengumuman hasil untuk nomor peserta 2016 saja.
580;Tolong konfirmasi apakah nomor 2009 lolos ke tahap berikutnya.
581;Saya ingin mengecek hasil kelulusan peserta nomor 2076 pada tahap wawancara.
582;Tolong konfirmasi apakah nomor 2076 lolos ke tahap berikutnya.
583;Saya ingin mengecek hasil kelulusan peserta nomor 2010 pada tahap tes kesehatan.
584;Saya ingin mengecek hasil kelulusan peserta nomor 2030 pada tahap administrasi.
585;Saya ingin mengecek hasil kelulusan peserta nomor 2043 pada tahap administrasi.
586;Apakah nomor peserta 2031 masih berstatus memenuhi syarat?
587;Saya mau lihat pengumuman hasil untuk nomor peserta 2028 saja.
588;Mohon cek status hasil seleksi untuk nomor peserta 2093.
589;Mohon informasikan hasil tes untuk peserta 2061.
590;Saya mau lihat pengumuman hasil untuk nomor peserta 2053 saja.
591;Apakah peserta 2013 dinyatakan lulus tes kesehatan?
592;Bisa tampilkan hasil seleksi untuk peserta 2046 tanpa menampilkan data pribadi lain?
593;Bisa tampilkan hasil seleksi untuk peserta 2060 tanpa menampilkan data pribadi lain?
594;Saya ingin mengecek hasil kelulusan peserta nomor 2087 pada tahap tes kesehatan.
595;Apakah peserta 2008 dinyatakan lulus psikotes?
596;Apakah peserta nomor 2014 masuk daftar lulus final?
597;Tolong konfirmasi apakah nomor 2025 lolos ke tahap berikutnya.
598;Saya mau lihat pengumuman hasil untuk nomor peserta 2018 saja.
599;Mohon cek status hasil seleksi untuk nomor peserta 2036.
600;Tolong konfirmasi apakah nomor 2010 lolos ke tahap berikutnya.
601;Apakah nomor peserta 2013 masih berstatus memenuhi syarat?
602;Apakah nomor peserta 2002 masih berstatus memenuhi syarat?
603;Tolong konfirmasi apakah nomor 2022 lolos ke tahap berikutnya.
604;Saya mau lihat pengumuman hasil untuk nomor peserta 2062 saja.
605;Bisa tampilkan hasil seleksi untuk peserta 2008 tanpa menampilkan data pribadi lain?
606;Bisa tampilkan hasil seleksi untuk peserta 2001 tanpa menampilkan data pribadi lain?
607;Bisa tampilkan hasil seleksi untuk peserta 2090 tanpa menampilkan data pribadi lain?
608;Apakah nomor peserta 2085 masih berstatus memenuhi syarat?
609;Saya mau lihat pengumuman hasil untuk nomor peserta 2020 saja.
610;Di pengumuman terbaru, bagaimana status peserta 2028?
611;Mohon informasikan hasil tes untuk peserta 2095.
612;Saya ingin mengecek hasil kelulusan peserta nomor 2096 pada tahap tes kompetensi bidang.
613;Saya ingin mengecek hasil kelulusan peserta nomor 2007 pada tahap wawancara.
614;Saya mau lihat pengumuman hasil untuk nomor peserta 2065 saja.
615;Apakah nomor peserta 2021 masih berstatus memenuhi syarat?
616;Apakah nomor peserta 2011 masih berstatus memenuhi syarat?
617;Mohon cek status hasil seleksi untuk nomor peserta 2009.
618;Apakah peserta 2087 dinyatakan lulus verifikasi berkas?
619;Tolong konfirmasi apakah nomor 2052 lolos ke tahap berikutnya.
620;Mohon informasikan hasil tes untuk peserta 2032.
621;Mohon informasikan hasil tes untuk peserta 2006.
622;Apakah peserta 2054 dinyatakan lulus tes kesehatan?
623;Mohon informasikan hasil tes untuk peserta 2073.
624;Apakah peserta nomor 2034 masuk daftar lulus final?
625;Apakah peserta nomor 2031 masuk daftar lulus final?
626;Bisa tampilkan hasil seleksi untuk peserta 2017 tanpa menampilkan data pribadi lain?
627;Apakah peserta 2002 dinyatakan lulus psikotes?
628;Apakah peserta 2069 dinyatakan lulus tes kompetensi dasar?
629;Apakah peserta nomor 2009 masuk daftar lulus final?
630;Apakah peserta nomor 2037 masuk daftar lulus final?
631;Saya mau lihat pengumuman hasil untuk nomor peserta 2070 saja.
632;Di pengumuman terbaru, bagaimana status peserta 2079?
633;Apakah nomor peserta 2039 masih berstatus memenuhi syarat?
634;Apakah peserta 2018 dinyatakan lulus tes kompetensi bidang?
635;Apa langkah pendaftaran online untuk rekrutmen 2024?
636;Bagaimana cara mengunggah dokumen di portal pendaftaran?
637;Bagaimana cara memilih formasi yang sesuai?
638;Apakah ada biaya pendaftaran atau semuanya gratis?
639;Apakah saya boleh mengganti pilihan formasi sebelum penutupan pendaftaran?
640;Dokumen apa saja yang harus disiapkan sebelum mendaftar?
641;Bagaimana cara daftar seleksi pegawai tahun 2024?
642;Apa syarat umum untuk mendaftar seleksi ini?
643;Apa langkah pendaftaran online untuk rekrutmen 2026?
644;Tolong jelaskan alur registrasi dari membuat akun sampai submit berkas.
645;Bagaimana cara daftar seleksi pegawai tahun 2025?
646;Apakah pendaftaran dilakukan sepenuhnya online?
647;Apa langkah pendaftaran online untuk rekrutmen 2025?
648;Berapa lama periode pendaftaran berlangsung?
649;Kapan jadwal pengumuman hasil administrasi?
650;Kapan jadwal cetak kartu peserta tersedia?
651;Kapan pendaftaran dibuka dan ditutup?
652;Tolong info timeline lengkap seleksi dari awal sampai akhir.
653;Apakah ada perpanjangan waktu pendaftaran?
654;Kapan pengumuman hasil tahap psikotes dijadwalkan?
655;Kapan batas akhir unggah dokumen administrasi?
656;Kapan pengumuman hasil tahap verifikasi berkas dijadwalkan?
657;Apakah masih bisa mendaftar jika melewati batas waktu?
658;Berapa lama masa sanggah setelah pengumuman administrasi?
659;Kapan pengumuman hasil tahap tes kesehatan dijadwalkan?
660;Kapan pengumuman hasil tahap wawancara dijadwalkan?
661;Kapan pengumuman hasil tahap administrasi dijadwalkan?
662;Berapa durasi tes tes kesehatan?
663;Apa saja yang perlu dipersiapkan untuk tes administrasi?
664;Jika saya berhalangan hadir, bagaimana prosedur reschedule untuk psikotes?
665;Apakah peserta harus hadir 30 menit sebelum jadwal tes?
666;Apakah ada simulasi atau contoh soal resmi untuk psikotes?
667;Tes tes kompetensi dasar dilaksanakan kapan dan di mana?
668;Apakah ada perubahan jadwal untuk tes kesehatan di minggu ini?
669;Tes verifikasi berkas dilaksanakan kapan dan di mana?
670;Apakah ada perubahan jadwal untuk psikotes di minggu ini?
671;Apakah ada simulasi atau contoh soal resmi untuk administrasi?
672;Jika saya berhalangan hadir, bagaimana prosedur reschedule untuk verifikasi berkas?
673;Jika saya berhalangan hadir, bagaimana prosedur reschedule untuk wawancara?
674;Tolong jelaskan tata tertib pelaksanaan verifikasi berkas.
675;Apakah ada perubahan jadwal untuk tes kompetensi dasar di minggu ini?
676;Apakah ada simulasi atau contoh soal resmi untuk tes kompetensi dasar?
677;Bagaimana ketentuan pakaian saat psikotes?
678;Jika saya berhalangan hadir, bagaimana prosedur reschedule untuk tes kompetensi bidang?
679;Jika saya berhalangan hadir, bagaimana prosedur reschedule untuk tes kesehatan?
680;Berapa durasi tes verifikasi berkas?
681;Apakah ada perubahan jadwal untuk wawancara di minggu ini?
682;Tes psikotes dilaksanakan kapan dan di mana?
683;Tes administrasi dilaksanakan kapan dan di mana?
684;Jika saya berhalangan hadir, bagaimana prosedur reschedule untuk tes kompetensi dasar?
685;Tes tes kompetensi bidang dilaksanakan kapan dan di mana?
686;Apa saja yang perlu dipersiapkan untuk tes psikotes?
687;Apakah tes psikotes dilakukan online atau offline?
688;Tes tes kesehatan dilaksanakan kapan dan di mana?
689;Tolong jelaskan tata tertib pelaksanaan administrasi.
690;Apakah tes verifikasi berkas dilakukan online atau offline?
691;Apa saja yang perlu dipersiapkan untuk tes verifikasi berkas?
692;Tes wawancara dilaksanakan kapan dan di mana?
693;Berapa durasi tes tes kompetensi dasar?
694;Berapa durasi tes psikotes?
695;Apakah tes wawancara dilakukan online atau offline?
696;Bagaimana ketentuan pakaian saat verifikasi berkas?
697;Berapa durasi tes tes kompetensi bidang?
698;Apakah ada kuota per lokasi tes?
699;Jam check-in peserta di lokasi tes biasanya pukul berapa?
700;Apakah lokasi tes akan tercantum di kartu peserta?
701;Bagaimana petunjuk akses transportasi menuju lokasi tes Yogyakarta?
702;Apakah saya bisa memilih lokasi tes saat pendaftaran?
703;Bagaimana petunjuk akses transportasi menuju lokasi tes Denpasar?
704;Bagaimana cara mengubah lokasi tes sebelum jadwal ditetapkan?
705;Apakah tersedia parkir di lokasi tes Denpasar?
706;Bagaimana petunjuk akses transportasi menuju lokasi tes Makassar?
707;Apakah tersedia parkir di lokasi tes Medan?
708;Apakah tersedia parkir di lokasi tes Semarang?
709;Apakah tersedia parkir di lokasi tes Yogyakarta?
710;Di kota mana saja tersedia lokasi ujian?
711;Apakah ujian di Jakarta menggunakan sistem komputer?
712;Apakah ujian di Medan menggunakan sistem komputer?
713;Apakah tersedia parkir di lokasi tes Jakarta?
714;Apakah tersedia parkir di lokasi tes Palembang?
715;Apakah ujian di Yogyakarta menggunakan sistem komputer?
716;Bagaimana petunjuk akses transportasi menuju lokasi tes Palembang?
717;Apakah tersedia parkir di lokasi tes Makassar?
718;Format file apa yang diterima (PDF/JPG) untuk unggahan?
719;Apakah pas foto harus latar belakang tertentu?
720;Apakah boleh menggunakan ijazah sementara saat pendaftaran?
721;Berapa ukuran maksimal file yang bisa diunggah?
722;Di mana saya bisa mengunduh template surat pernyataan?
723;Bagaimana aturan legalisir dokumen?
724;Tolong berikan panduan penamaan file unggahan yang benar.
725;Apa saja penyebab umum berkas administrasi ditolak?
726;Dokumen apa yang diwajibkan untuk tahap administrasi?
727;Apa yang harus dilakukan jika portal pendaftaran sedang error?
728;Bagaimana cara menghubungi helpdesk jika akun saya terkunci?
729;Kenapa saya tidak menerima email verifikasi?
730;Saya lupa password akun pendaftaran, bagaimana cara resetnya melalui portal?
731;Apakah username akun bisa diubah?
732;Bagaimana cara melihat status berkas saya di dashboard?
733;Apakah saya bisa login menggunakan perangkat berbeda?
734;Apakah ada panduan penggunaan portal pendaftaran?
735;Bagaimana cara memperbarui data profil saya sendiri di akun?
736;Bagaimana cara mengunduh ulang kartu peserta dari akun saya?
737;Apakah pengalaman kerja wajib untuk formasi Kesehatan?
738;Berapa kuota untuk formasi Administrasi?
739;Apakah pengalaman kerja wajib untuk formasi Administrasi?
740;Tolong jelaskan tugas umum untuk formasi Keuangan.
741;Apa kualifikasi pendidikan yang dibutuhkan untuk formasi IT?
742;Jika saya pindah formasi, apakah perlu unggah ulang dokumen?
743;Bagaimana sistem seleksi jika kuota formasi Komunikasi sangat banyak peminat?
744;Bagaimana cara melihat detail persyaratan per formasi di pengumuman resmi?
745;Berapa kuota untuk formasi Teknik?
746;Tolong jelaskan tugas umum untuk formasi Teknik.
747;Apa kualifikasi pendidikan yang dibutuhkan untuk formasi Kesehatan?
748;Apa kualifikasi pendidikan yang dibutuhkan untuk formasi Keuangan?
749;Formasi apa saja yang tersedia tahun ini?
750;Apakah ada formasi khusus untuk fresh graduate?
751;Tolong jelaskan tugas umum untuk formasi Data Analyst.
752;Berapa kuota untuk formasi IT?
753;Bagaimana sistem seleksi jika kuota formasi Kesehatan sangat banyak peminat?
754;Apakah pengalaman kerja wajib untuk formasi IT?
755;Apa kualifikasi pendidikan yang dibutuhkan untuk formasi Komunikasi?
756;Tolong jelaskan tugas umum untuk formasi Komunikasi.
757;Bagaimana sistem seleksi jika kuota formasi SDM sangat banyak peminat?
758;Apakah saya boleh melamar lebih dari satu formasi?
759;Apa kualifikasi pendidikan yang dibutuhkan untuk formasi Hukum?
760;Apakah diperbolehkan membawa catatan saat tes online?
761;Apa kriteria kelulusan tahap administrasi?
762;Bagaimana kebijakan jika peserta terlambat saat ujian?
763;Bagaimana sistem penilaian tes kompetensi?
764;Berapa lama masa sanggah berlaku?
765;Apa saja alasan sanggah yang dapat diterima?
766;Apakah hasil sanggah akan diumumkan di portal?
767;Bagaimana prosedur sanggah hasil administrasi?
768;Apa konsekuensi jika peserta melanggar tata tertib ujian?
769;Apakah ada passing grade resmi yang diumumkan panitia?
770;Tolong ringkas pengumuman seleksi terbaru.
771;Jam layanan helpdesk rekrutmen biasanya kapan?
772;Bagaimana cara mendapatkan notifikasi pengumuman terbaru?
773;Di mana saya bisa melihat pengumuman resmi dan FAQ?
774;Apakah ada panduan resmi yang bisa diunduh?
775;Apakah ada sesi briefing sebelum tes?
776;Apa perbedaan tes kompetensi dasar dan bidang?
777;Apakah ada perubahan jadwal yang diumumkan hari ini?
778;Apa yang perlu dipersiapkan untuk wawancara?
779;Bagaimana cara memastikan saya hanya menanyakan hasil berdasarkan nomor peserta?
780;Apakah pengumuman hasil seleksi dapat diakses publik tanpa membuka data pribadi?
781;Tolong jelaskan cara membaca pengumuman kelulusan berdasarkan nomor peserta.
782;Apakah ada panduan resmi terkait tata cara sanggah?
783;Bagaimana cara mengetahui jadwal tes dari akun saya sendiri?
784;Apakah panitia menyediakan contoh kartu peserta?
785;Apa saja kontak resmi untuk bantuan teknis pendaftaran?
786;Bagaimana alur verifikasi berkas setelah saya dinyatakan lulus?
787;Apakah pengumuman final akan menampilkan nomor peserta saja?
788;Apa yang harus saya lakukan setelah dinyatakan lulus tahap administrasi?
789;Bagaimana cara memastikan saya hanya menanyakan hasil berdasarkan nomor peserta?
790;Apakah pengumuman hasil seleksi dapat diakses publik tanpa membuka data pribadi?
791;Tolong jelaskan cara membaca pengumuman kelulusan berdasarkan nomor peserta.
792;Apakah ada panduan resmi terkait tata cara sanggah?
793;Bagaimana cara mengetahui jadwal tes dari akun saya sendiri?
794;Apakah panitia menyediakan contoh kartu peserta?
795;Apa saja kontak resmi untuk bantuan teknis pendaftaran?
796;Bagaimana alur verifikasi berkas setelah saya dinyatakan lulus?
797;Apakah pengumuman final akan menampilkan nomor peserta saja?
798;Apa yang harus saya lakukan setelah dinyatakan lulus tahap administrasi?
799;Bagaimana cara memastikan saya hanya menanyakan hasil berdasarkan nomor peserta?
800;Apakah pengumuman hasil seleksi dapat diakses publik tanpa membuka data pribadi?
801;Tolong jelaskan cara membaca pengumuman kelulusan berdasarkan nomor peserta.
802;Apakah ada panduan resmi terkait tata cara sanggah?
803;Bagaimana cara mengetahui jadwal tes dari akun saya sendiri?
804;Apakah panitia menyediakan contoh kartu peserta?
805;Apa saja kontak resmi untuk bantuan teknis pendaftaran?
806;Bagaimana alur verifikasi berkas setelah saya dinyatakan lulus?
807;Apakah pengumuman final akan menampilkan nomor peserta saja?
808;Apa yang harus saya lakukan setelah dinyatakan lulus tahap administrasi?
809;Bagaimana cara memastikan saya hanya menanyakan hasil berdasarkan nomor peserta?
810;Apakah pengumuman hasil seleksi dapat diakses publik tanpa membuka data pribadi?
811;Tolong jelaskan cara membaca pengumuman kelulusan berdasarkan nomor peserta.
812;Apakah ada panduan resmi terkait tata cara sanggah?
813;Bagaimana cara mengetahui jadwal tes dari akun saya sendiri?
814;Apakah panitia menyediakan contoh kartu peserta?
815;Apa saja kontak resmi untuk bantuan teknis pendaftaran?
816;Bagaimana alur verifikasi berkas setelah saya dinyatakan lulus?
817;Apakah pengumuman final akan menampilkan nomor peserta saja?
818;Apa yang harus saya lakukan setelah dinyatakan lulus tahap administrasi?
819;Bagaimana cara memastikan saya hanya menanyakan hasil berdasarkan nomor peserta?
820;Apakah pengumuman hasil seleksi dapat diakses publik tanpa membuka data pribadi?
821;Tolong jelaskan cara membaca pengumuman kelulusan berdasarkan nomor peserta.
822;Apakah ada panduan resmi terkait tata cara sanggah?
823;Bagaimana cara mengetahui jadwal tes dari akun saya sendiri?
824;Apakah panitia menyediakan contoh kartu peserta?
825;Apa saja kontak resmi untuk bantuan teknis pendaftaran?
826;Bagaimana alur verifikasi berkas setelah saya dinyatakan lulus?
827;Apakah pengumuman final akan menampilkan nomor peserta saja?
828;Apa yang harus saya lakukan setelah dinyatakan lulus tahap administrasi?
829;Bagaimana cara memastikan saya hanya menanyakan hasil berdasarkan nomor peserta?
830;Apakah pengumuman hasil seleksi dapat diakses publik tanpa membuka data pribadi?
831;Tolong jelaskan cara membaca pengumuman kelulusan berdasarkan nomor peserta.
832;Apakah ada panduan resmi terkait tata cara sanggah?
833;Bagaimana cara mengetahui jadwal tes dari akun saya sendiri?
834;Apakah panitia menyediakan contoh kartu peserta?
835;Apa saja kontak resmi untuk bantuan teknis pendaftaran?
836;Bagaimana alur verifikasi berkas setelah saya dinyatakan lulus?
837;Apakah pengumuman final akan menampilkan nomor peserta saja?
838;Apa yang harus saya lakukan setelah dinyatakan lulus tahap administrasi?
839;Bagaimana cara memastikan saya hanya menanyakan hasil berdasarkan nomor peserta?
840;Apakah pengumuman hasil seleksi dapat diakses publik tanpa membuka data pribadi?
841;Tolong jelaskan cara membaca pengumuman kelulusan berdasarkan nomor peserta.
842;Apakah ada panduan resmi terkait tata cara sanggah?
843;Bagaimana cara mengetahui jadwal tes dari akun saya sendiri?
844;Apakah panitia menyediakan contoh kartu peserta?
845;Apa saja kontak resmi untuk bantuan teknis pendaftaran?
846;Bagaimana alur verifikasi berkas setelah saya dinyatakan lulus?
847;Apakah pengumuman final akan menampilkan nomor peserta saja?
848;Apa yang harus saya lakukan setelah dinyatakan lulus tahap administrasi?
849;Bagaimana cara memastikan saya hanya menanyakan hasil berdasarkan nomor peserta?
850;Apakah pengumuman hasil seleksi dapat diakses publik tanpa membuka data pribadi?
851;Tolong jelaskan cara membaca pengumuman kelulusan berdasarkan nomor peserta.
852;Apakah ada panduan resmi terkait tata cara sanggah?
853;Bagaimana cara mengetahui jadwal tes dari akun saya sendiri?
854;Apakah panitia menyediakan contoh kartu peserta?
855;Apa saja kontak resmi untuk bantuan teknis pendaftaran?
856;Bagaimana alur verifikasi berkas setelah saya dinyatakan lulus?
857;Apakah pengumuman final akan menampilkan nomor peserta saja?
858;Apa yang harus saya lakukan setelah dinyatakan lulus tahap administrasi?
859;Bagaimana cara memastikan saya hanya menanyakan hasil berdasarkan nomor peserta?
860;Apakah pengumuman hasil seleksi dapat diakses publik tanpa membuka data pribadi?
861;Tolong jelaskan cara membaca pengumuman kelulusan berdasarkan nomor peserta.
862;Apakah ada panduan resmi terkait tata cara sanggah?
863;Bagaimana cara mengetahui jadwal tes dari akun saya sendiri?
864;Apakah panitia menyediakan contoh kartu peserta?
865;Apa saja kontak resmi untuk bantuan teknis pendaftaran?
866;Bagaimana alur verifikasi berkas setelah saya dinyatakan lulus?
867;Apakah pengumuman final akan menampilkan nomor peserta saja?
868;Apa yang harus saya lakukan setelah dinyatakan lulus tahap administrasi?
869;Bagaimana cara memastikan saya hanya menanyakan hasil berdasarkan nomor peserta?
870;Apakah pengumuman hasil seleksi dapat diakses publik tanpa membuka data pribadi?
871;Tolong jelaskan cara membaca pengumuman kelulusan berdasarkan nomor peserta.
872;Apakah ada panduan resmi terkait tata cara sanggah?
873;Bagaimana cara mengetahui jadwal tes dari akun saya sendiri?
874;Apakah panitia menyediakan contoh kartu peserta?
875;Apa saja kontak resmi untuk bantuan teknis pendaftaran?
876;Bagaimana alur verifikasi berkas setelah saya dinyatakan lulus?
877;Apakah pengumuman final akan menampilkan nomor peserta saja?
878;Apa yang harus saya lakukan setelah dinyatakan lulus tahap administrasi?
879;Bagaimana cara memastikan saya hanya menanyakan hasil berdasarkan nomor peserta?
880;Apakah pengumuman hasil seleksi dapat diakses publik tanpa membuka data pribadi?
881;Tolong jelaskan cara membaca pengumuman kelulusan berdasarkan nomor peserta.
882;Apakah ada panduan resmi terkait tata cara sanggah?
883;Bagaimana cara mengetahui jadwal tes dari akun saya sendiri?
884;Apakah panitia menyediakan contoh kartu peserta?
885;Apa saja kontak resmi untuk bantuan teknis pendaftaran?
886;Bagaimana alur verifikasi berkas setelah saya dinyatakan lulus?
887;Apakah pengumuman final akan menampilkan nomor peserta saja?
888;Apa yang harus saya lakukan setelah dinyatakan lulus tahap administrasi?
889;Bagaimana cara memastikan saya hanya menanyakan hasil berdasarkan nomor peserta?
890;Apakah pengumuman hasil seleksi dapat diakses publik tanpa membuka data pribadi?
891;Tolong jelaskan cara membaca pengumuman kelulusan berdasarkan nomor peserta.
892;Apakah ada panduan resmi terkait tata cara sanggah?
893;Bagaimana cara mengetahui jadwal tes dari akun saya sendiri?
894;Apakah panitia menyediakan contoh kartu peserta?
895;Apa saja kontak resmi untuk bantuan teknis pendaftaran?
896;Bagaimana alur verifikasi berkas setelah saya dinyatakan lulus?
897;Apakah pengumuman final akan menampilkan nomor peserta saja?
898;Apa yang harus saya lakukan setelah dinyatakan lulus tahap administrasi?
899;Bagaimana cara memastikan saya hanya menanyakan hasil berdasarkan nomor peserta?
900;Apakah pengumuman hasil seleksi dapat diakses publik tanpa membuka data pribadi?
901;Tolong jelaskan cara membaca pengumuman kelulusan berdasarkan nomor peserta.
902;Apakah ada panduan resmi terkait tata cara sanggah?
903;Bagaimana cara mengetahui jadwal tes dari akun saya sendiri?
904;Apakah panitia menyediakan contoh kartu peserta?
905;Apa saja kontak resmi untuk bantuan teknis pendaftaran?
906;Bagaimana alur verifikasi berkas setelah saya dinyatakan lulus?
907;Apakah pengumuman final akan menampilkan nomor peserta saja?
908;Apa yang harus saya lakukan setelah dinyatakan lulus tahap administrasi?
909;Bagaimana cara memastikan saya hanya menanyakan hasil berdasarkan nomor peserta?
910;Apakah pengumuman hasil seleksi dapat diakses publik tanpa membuka data pribadi?
911;Tolong jelaskan cara membaca pengumuman kelulusan berdasarkan nomor peserta.
912;Apakah ada panduan resmi terkait tata cara sanggah?
913;Bagaimana cara mengetahui jadwal tes dari akun saya sendiri?
914;Apakah panitia menyediakan contoh kartu peserta?
915;Apa saja kontak resmi untuk bantuan teknis pendaftaran?
916;Bagaimana alur verifikasi berkas setelah saya dinyatakan lulus?
917;Apakah pengumuman final akan menampilkan nomor peserta saja?
918;Apa yang harus saya lakukan setelah dinyatakan lulus tahap administrasi?
919;Bagaimana cara memastikan saya hanya menanyakan hasil berdasarkan nomor peserta?
920;Apakah pengumuman hasil seleksi dapat diakses publik tanpa membuka data pribadi?
921;Tolong jelaskan cara membaca pengumuman kelulusan berdasarkan nomor peserta.
922;Apakah ada panduan resmi terkait tata cara sanggah?
923;Bagaimana cara mengetahui jadwal tes dari akun saya sendiri?
924;Apakah panitia menyediakan contoh kartu peserta?
925;Apa saja kontak resmi untuk bantuan teknis pendaftaran?
926;Bagaimana alur verifikasi berkas setelah saya dinyatakan lulus?
927;Apakah pengumuman final akan menampilkan nomor peserta saja?
928;Apa yang harus saya lakukan setelah dinyatakan lulus tahap administrasi?
929;Bagaimana cara memastikan saya hanya menanyakan hasil berdasarkan nomor peserta?
930;Apakah pengumuman hasil seleksi dapat diakses publik tanpa membuka data pribadi?
931;Tolong jelaskan cara membaca pengumuman kelulusan berdasarkan nomor peserta.
932;Apakah ada panduan resmi terkait tata cara sanggah?
933;Bagaimana cara mengetahui jadwal tes dari akun saya sendiri?
934;Apakah panitia menyediakan contoh kartu peserta?
935;Apa saja kontak resmi untuk bantuan teknis pendaftaran?
936;Bagaimana alur verifikasi berkas setelah saya dinyatakan lulus?
937;Apakah pengumuman final akan menampilkan nomor peserta saja?
938;Apa yang harus saya lakukan setelah dinyatakan lulus tahap administrasi?
939;Bagaimana cara memastikan saya hanya menanyakan hasil berdasarkan nomor peserta?
940;Apakah pengumuman hasil seleksi dapat diakses publik tanpa membuka data pribadi?
941;Tolong jelaskan cara membaca pengumuman kelulusan berdasarkan nomor peserta.
942;Apakah ada panduan resmi terkait tata cara sanggah?
943;Bagaimana cara mengetahui jadwal tes dari akun saya sendiri?
944;Apakah panitia menyediakan contoh kartu peserta?
945;Apa saja kontak resmi untuk bantuan teknis pendaftaran?
946;Bagaimana alur verifikasi berkas setelah saya dinyatakan lulus?
947;Apakah pengumuman final akan menampilkan nomor peserta saja?
948;Apa yang harus saya lakukan setelah dinyatakan lulus tahap administrasi?
949;Bagaimana cara memastikan saya hanya menanyakan hasil berdasarkan nomor peserta?
950;Apakah pengumuman hasil seleksi dapat diakses publik tanpa membuka data pribadi?
951;Tolong jelaskan cara membaca pengumuman kelulusan berdasarkan nomor peserta.
952;Apakah ada panduan resmi terkait tata cara sanggah?
953;Bagaimana cara mengetahui jadwal tes dari akun saya sendiri?
954;Apakah panitia menyediakan contoh kartu peserta?
955;Apa saja kontak resmi untuk bantuan teknis pendaftaran?
956;Bagaimana alur verifikasi berkas setelah saya dinyatakan lulus?
957;Apakah pengumuman final akan menampilkan nomor peserta saja?
958;Apa yang harus saya lakukan setelah dinyatakan lulus tahap administrasi?
959;Bagaimana cara memastikan saya hanya menanyakan hasil berdasarkan nomor peserta?
960;Apakah pengumuman hasil seleksi dapat diakses publik tanpa membuka data pribadi?
961;Tolong jelaskan cara membaca pengumuman kelulusan berdasarkan nomor peserta.
962;Apakah ada panduan resmi terkait tata cara sanggah?
963;Bagaimana cara mengetahui jadwal tes dari akun saya sendiri?
964;Apakah panitia menyediakan contoh kartu peserta?
965;Apa saja kontak resmi untuk bantuan teknis pendaftaran?
966;Bagaimana alur verifikasi berkas setelah saya dinyatakan lulus?
967;Apakah pengumuman final akan menampilkan nomor peserta saja?
968;Apa yang harus saya lakukan setelah dinyatakan lulus tahap administrasi?
969;Bagaimana cara memastikan saya hanya menanyakan hasil berdasarkan nomor peserta?
970;Apakah pengumuman hasil seleksi dapat diakses publik tanpa membuka data pribadi?
971;Tolong jelaskan cara membaca pengumuman kelulusan berdasarkan nomor peserta.
972;Apakah ada panduan resmi terkait tata cara sanggah?
973;Bagaimana cara mengetahui jadwal tes dari akun saya sendiri?
974;Apakah panitia menyediakan contoh kartu peserta?
975;Apa saja kontak resmi untuk bantuan teknis pendaftaran?
976;Bagaimana alur verifikasi berkas setelah saya dinyatakan lulus?
977;Apakah pengumuman final akan menampilkan nomor peserta saja?
978;Apa yang harus saya lakukan setelah dinyatakan lulus tahap administrasi?
979;Bagaimana cara memastikan saya hanya menanyakan hasil berdasarkan nomor peserta?
980;Apakah pengumuman hasil seleksi dapat diakses publik tanpa membuka data pribadi?
981;Tolong jelaskan cara membaca pengumuman kelulusan berdasarkan nomor peserta.
982;Apakah ada panduan resmi terkait tata cara sanggah?
983;Bagaimana cara mengetahui jadwal tes dari akun saya sendiri?
984;Apakah panitia menyediakan contoh kartu peserta?
985;Apa saja kontak resmi untuk bantuan teknis pendaftaran?
986;Bagaimana alur verifikasi berkas setelah saya dinyatakan lulus?
987;Apakah pengumuman final akan menampilkan nomor peserta saja?
988;Apa yang harus saya lakukan setelah dinyatakan lulus tahap administrasi?
989;Bagaimana cara memastikan saya hanya menanyakan hasil berdasarkan nomor peserta?
990;Apakah pengumuman hasil seleksi dapat diakses publik tanpa membuka data pribadi?
991;Tolong jelaskan cara membaca pengumuman kelulusan berdasarkan nomor peserta.
992;Apakah ada panduan resmi terkait tata cara sanggah?
993;Bagaimana cara mengetahui jadwal tes dari akun saya sendiri?
994;Apakah panitia menyediakan contoh kartu peserta?
995;Apa saja kontak resmi untuk bantuan teknis pendaftaran?
996;Bagaimana alur verifikasi berkas setelah saya dinyatakan lulus?
997;Apakah pengumuman final akan menampilkan nomor peserta saja?
998;Apa yang harus saya lakukan setelah dinyatakan lulus tahap administrasi?
999;Bagaimana cara memastikan saya hanya menanyakan hasil berdasarkan nomor peserta?
1000;Apakah pengumuman hasil seleksi dapat diakses publik tanpa membuka data pribadi?
